,P012S,P014S,P015S,P018S,P029S,P041S,P043S,P068S,P070op1,P070op2,P070op3,P070op4,P070op5,P070op6,P070op7,P070op8,P070op9,P070op10,P070op11,P070op12,P070op13,P070op14,P097S,P098S,P264S
0,3,3.0,3.0,3,3,3,3,3,0,1,0,1,0,0,0,0,0,0,0,0,0,0,3.0,3,1.0
1,2,2.0,2.0,3,3,3,3,3,0,0,0,0,0,0,0,0,0,0,1,0,0,0,4.0,3,4.0
2,3,3.0,1.0,3,3,,3,3,0,0,0,0,1,1,0,0,0,0,0,0,0,0,,,5.0
3,2,3.0,5.0,3,3,3,3,3,0,0,0,1,1,0,0,0,0,0,1,0,0,0,2.0,3,4.0
4,3,3.0,1.0,3,6,2,3,3,1,1,0,1,0,0,0,0,0,0,0,0,0,0,2.0,3,6.0
5,2,5.0,1.0,3,3,,,,0,0,0,0,0,0,0,0,0,0,0,0,0,0,,,3.0
6,3,3.0,6.0,2,3,3,2,3,0,1,0,1,1,1,0,0,0,0,0,0,0,1,2.0,3,5.0
7,3,3.0,7.0,3,3,2,3,3,0,0,0,1,1,1,0,0,0,0,1,0,0,0,3.0,2,6.0
8,2,3.0,6.0,3,3,3,3,3,1,0,0,1,0,0,0,0,0,0,0,0,0,0,4.0,3,5.0
9,3,3.0,6.0,2,3,2,3,2,0,0,0,1,1,1,0,0,0,0,0,0,0,0,2.0,3,5.0
10,2,5.0,5.0,2,3,3,3,3,0,0,0,1,1,0,0,0,0,0,1,0,0,0,2.0,3,6.0
11,2,5.0,3.0,3,1,3,3,3,0,1,0,1,0,0,0,0,0,0,0,0,0,0,2.0,3,5.0
12,2,2.0,5.0,3,6,2,2,3,1,0,0,1,0,0,0,0,0,0,0,0,0,1,2.0,3,5.0
13,3,3.0,1.0,3,3,2,3,3,1,1,0,1,0,0,0,0,0,0,0,0,0,0,3.0,3,6.0
14,3,3.0,7.0,3,3,3,2,3,0,0,0,1,1,0,0,0,0,1,1,0,0,1,2.0,3,4.0
15,2,2.0,2.0,3,3,3,3,3,1,1,0,1,0,0,0,0,0,1,1,0,0,0,2.0,3,5.0
16,3,3.0,7.0,3,5,2,3,3,1,0,0,1,0,0,0,0,0,0,0,0,0,0,2.0,3,6.0
17,3,2.0,1.0,3,3,2,3,3,1,0,0,0,0,0,0,0,0,0,0,0,1,0,3.0,3,2.0
18,2,3.0,5.0,3,5,3,3,3,1,0,0,0,0,0,0,0,0,0,0,0,0,0,3.0,3,4.0
19,2,3.0,1.0,3,3,,3,3,0,0,0,0,0,0,0,0,0,0,0,1,0,0,,,4.0
20,2,3.0,5.0,3,1,,3,3,0,0,0,0,0,0,0,0,0,0,0,1,0,0,,,5.0
21,2,3.0,7.0,3,3,,,,0,0,0,0,0,0,0,0,0,0,0,0,0,0,,,5.0
22,2,3.0,3.0,3,5,,2,3,0,0,0,0,0,0,0,0,0,0,1,0,0,1,,,4.0
23,3,3.0,1.0,3,6,,3,3,0,0,0,0,0,0,0,0,0,0,0,1,0,0,,,3.0
24,2,2.0,2.0,3,6,,3,3,0,0,0,0,0,0,0,0,0,0,0,1,0,0,,,4.0
25,2,5.0,5.0,3,3,,3,2,0,0,0,0,0,0,0,0,0,0,0,1,0,0,,,3.0
26,3,3.0,3.0,2,3,,2,3,0,0,0,0,0,0,0,0,0,0,0,0,1,1,,,3.0
27,3,3.0,7.0,3,3,,3,3,0,0,0,0,0,0,0,0,0,0,0,1,0,0,,,5.0
28,2,5.0,1.0,3,3,,,,0,0,0,0,0,0,0,0,0,0,0,0,0,0,,,5.0
29,3,3.0,3.0,3,5,,3,1,0,0,0,0,0,0,0,0,0,0,0,1,0,0,,,1.0
30,2,2.0,4.0,3,3,,3,3,0,0,0,0,0,0,0,0,0,0,0,0,1,0,,,4.0
31,2,3.0,5.0,3,5,,3,3,0,0,0,0,0,0,1,0,0,0,0,0,0,0,,,5.0
32,2,3.0,1.0,3,5,,3,3,0,1,0,0,0,0,0,0,0,0,1,0,0,0,,,4.0
33,2,3.0,3.0,3,6,3,3,3,0,1,0,1,0,0,0,0,0,0,0,0,0,0,2.0,3,4.0
34,2,3.0,6.0,3,4,3,3,3,0,0,1,1,0,1,0,0,0,0,1,0,0,0,2.0,3,5.0
35,2,3.0,4.0,3,6,,3,3,0,0,0,0,0,0,0,0,0,0,0,1,0,0,,,5.0
36,2,3.0,3.0,3,3,,3,3,0,0,0,0,0,0,0,0,0,1,1,0,0,0,,,7.0
37,3,3.0,6.0,3,3,3,3,3,0,0,0,1,0,0,0,0,0,0,0,0,0,0,3.0,3,1.0
38,3,3.0,3.0,3,3,3,3,3,1,0,0,1,0,0,0,0,0,0,0,0,0,0,2.0,3,6.0
39,3,3.0,6.0,3,4,3,3,3,1,0,0,1,0,0,1,0,1,0,0,0,0,0,2.0,3,5.0
40,3,2.0,1.0,3,3,,,,0,0,0,0,0,0,0,0,0,0,0,0,0,0,,,4.0
41,3,3.0,3.0,3,5,3,3,3,1,1,0,1,0,0,0,0,0,0,0,0,0,0,3.0,3,4.0
42,2,5.0,7.0,3,5,2,3,2,0,1,1,1,1,0,0,0,0,0,1,0,0,0,4.0,2,4.0
43,2,2.0,5.0,3,3,,3,3,1,1,1,1,0,0,0,0,0,0,1,0,0,0,,,5.0
44,3,3.0,7.0,3,3,3,2,3,1,1,0,1,0,0,0,0,1,0,0,0,0,1,2.0,3,5.0
45,2,5.0,6.0,2,4,,2,3,1,0,0,1,0,0,0,0,0,0,0,0,0,1,,,6.0
46,2,3.0,1.0,3,6,2,3,3,1,0,0,1,0,0,0,0,0,0,0,0,0,0,3.0,3,3.0
47,2,2.0,2.0,3,3,2,2,3,1,1,1,1,0,0,0,0,1,0,0,0,0,1,4.0,3,2.0
48,3,5.0,7.0,3,3,3,3,3,1,1,0,1,0,0,0,0,0,0,0,0,0,0,3.0,3,7.0
49,2,3.0,6.0,3,3,,3,3,0,1,0,0,0,0,0,0,0,0,0,0,0,0,,,6.0
50,3,3.0,6.0,3,3,3,3,3,1,1,0,1,1,0,0,0,0,0,1,0,0,0,2.0,3,4.0
51,3,7.0,3.0,3,3,3,2,3,1,0,0,1,0,0,0,0,0,0,0,0,0,1,2.0,3,5.0
52,2,2.0,5.0,3,3,3,3,2,1,1,0,1,1,0,0,0,0,0,0,0,0,0,2.0,2,5.0
53,3,,,1,3,3,3,3,1,1,0,1,1,1,0,0,0,0,1,0,0,0,2.0,3,4.0
54,3,3.0,3.0,3,3,2,3,2,0,0,0,0,0,0,0,0,1,0,0,0,0,0,2.0,3,3.0
55,2,3.0,4.0,3,3,3,3,3,1,0,0,0,0,0,0,0,0,0,0,0,0,0,3.0,3,4.0
56,2,3.0,4.0,3,4,3,3,3,1,1,0,0,0,0,0,0,0,0,0,0,1,0,3.0,3,5.0
57,3,5.0,6.0,2,3,3,2,3,1,1,0,1,1,0,0,0,0,0,0,1,0,1,3.0,2,5.0
58,2,3.0,7.0,2,3,3,3,3,1,0,0,1,0,0,0,0,1,0,0,0,0,0,2.0,3,6.0
59,3,3.0,6.0,2,1,2,3,3,0,0,0,0,0,0,0,0,0,0,0,1,1,0,3.0,3,5.0
60,2,3.0,5.0,3,3,3,2,2,1,1,0,1,1,1,0,0,1,0,1,0,0,1,2.0,3,4.0
61,3,7.0,1.0,3,5,3,3,3,1,1,0,1,1,0,0,0,0,0,1,0,0,0,2.0,3,5.0
62,2,6.0,7.0,3,5,2,3,3,1,1,0,1,0,0,0,0,0,0,0,0,0,0,4.0,3,1.0
63,2,5.0,1.0,2,3,2,2,3,1,0,0,1,0,0,0,0,0,0,0,0,0,1,3.0,3,6.0
64,,5.0,1.0,3,3,3,2,3,1,0,0,1,0,0,0,0,0,0,0,0,0,1,2.0,3,5.0
65,2,3.0,4.0,3,5,3,3,3,1,1,0,1,0,0,0,0,0,0,0,0,0,0,3.0,3,4.0
66,2,3.0,4.0,3,3,3,2,3,1,1,0,1,0,0,0,0,1,0,1,0,0,1,2.0,3,5.0
67,2,5.0,5.0,3,5,2,3,3,0,1,0,0,1,1,0,0,0,0,0,0,0,0,3.0,3,4.0
68,2,3.0,4.0,3,3,3,2,3,1,0,0,1,1,0,0,0,0,0,0,0,0,1,2.0,3,5.0
69,2,3.0,6.0,3,3,2,2,3,1,0,0,1,0,0,0,0,0,0,0,0,0,1,2.0,2,5.0
70,2,7.0,9.0,2,3,,2,3,0,0,0,0,0,0,0,0,0,0,0,0,1,1,,,7.0
71,2,3.0,3.0,3,3,,,,0,0,0,0,0,0,0,0,0,0,0,0,0,0,,,4.0
72,2,5.0,4.0,3,3,3,3,3,0,0,0,1,1,1,0,0,0,0,1,0,0,0,2.0,3,1.0
73,3,3.0,4.0,2,6,2,1,2,0,1,0,1,1,1,0,0,0,0,1,0,0,0,2.0,2,5.0
74,3,2.0,4.0,3,3,3,2,3,1,1,0,1,1,1,0,0,0,0,0,0,0,1,3.0,3,
75,2,5.0,6.0,2,3,3,2,3,0,1,0,1,1,1,1,0,1,0,0,0,0,1,3.0,3,1.0
76,2,3.0,4.0,3,5,3,2,3,0,0,0,1,0,0,0,0,0,0,0,0,0,1,2.0,2,6.0
77,2,3.0,7.0,3,1,3,3,3,1,0,0,1,0,0,0,0,0,0,0,0,0,0,2.0,3,6.0
78,2,5.0,6.0,3,3,3,3,3,0,0,0,1,0,0,0,0,0,0,1,0,0,0,4.0,3,5.0
79,2,3.0,6.0,2,4,3,2,3,1,0,0,1,0,0,0,0,0,0,0,0,0,1,3.0,3,4.0
80,2,3.0,6.0,3,3,3,2,3,1,0,1,1,0,0,0,0,0,0,0,0,0,1,2.0,3,7.0
81,2,2.0,3.0,3,3,,2,3,0,1,0,0,0,0,0,0,1,0,0,0,0,1,,,5.0
82,2,5.0,6.0,3,5,3,3,3,1,1,0,1,0,0,0,0,0,0,0,0,0,0,2.0,3,1.0
83,2,2.0,2.0,2,5,,,,0,0,0,0,0,0,0,0,0,0,0,0,0,0,,,5.0
84,2,2.0,1.0,3,3,2,3,3,0,1,1,1,1,0,0,0,0,0,1,0,0,0,2.0,3,6.0
85,3,3.0,1.0,3,6,,,,0,0,0,0,0,0,0,0,0,0,0,0,0,0,,,4.0
86,2,3.0,4.0,2,3,3,2,3,1,1,0,1,1,0,0,0,0,0,1,0,0,1,2.0,3,5.0
87,3,3.0,3.0,3,2,3,3,2,1,1,0,1,1,0,0,0,0,1,1,0,0,0,2.0,3,4.0
88,3,3.0,3.0,2,3,2,2,3,1,0,0,1,0,0,0,0,0,0,0,0,0,1,2.0,3,3.0
89,3,3.0,6.0,3,3,,,,0,0,0,0,0,0,0,0,0,0,0,0,0,0,,,6.0
90,3,2.0,3.0,3,6,,,,0,0,0,0,0,0,0,0,0,0,0,0,0,0,,,4.0
91,3,2.0,2.0,3,3,,,,0,0,0,0,0,0,0,0,0,0,0,0,0,0,,,3.0
92,2,3.0,6.0,3,3,3,3,2,0,1,1,1,1,0,0,1,0,0,1,0,0,0,2.0,3,5.0
93,3,1.0,1.0,3,6,,,,0,0,0,0,0,0,0,0,0,0,0,0,0,0,,,5.0
94,2,5.0,1.0,3,5,3,2,2,1,0,0,1,1,0,0,0,0,0,0,0,0,1,3.0,3,4.0
95,2,3.0,3.0,3,5,,3,2,0,1,0,0,0,0,0,0,0,0,0,1,0,0,,,6.0
96,2,3.0,3.0,3,3,2,2,2,1,1,0,0,0,0,0,0,0,0,0,0,0,1,2.0,2,3.0
97,2,3.0,1.0,3,5,2,3,3,1,0,0,1,1,0,0,0,0,0,0,0,0,0,4.0,3,4.0
98,3,3.0,1.0,3,3,3,3,3,0,1,0,1,0,0,0,0,0,0,0,0,0,0,2.0,3,4.0
99,3,3.0,6.0,2,3,2,3,3,1,1,0,1,0,1,0,0,1,0,1,0,0,0,3.0,3,5.0
100,2,3.0,3.0,3,3,3,2,3,1,0,0,1,0,0,0,0,0,0,0,0,0,1,2.0,3,5.0
101,3,3.0,7.0,3,3,2,2,3,1,1,0,1,0,0,0,0,0,0,0,0,0,1,2.0,2,5.0
102,2,5.0,7.0,3,3,3,2,3,1,1,0,0,0,0,0,0,0,0,0,0,0,1,2.0,3,8.0
103,2,3.0,3.0,3,5,3,2,3,0,1,0,0,1,1,0,0,1,0,0,0,0,1,2.0,3,4.0
104,2,3.0,5.0,3,5,3,2,2,1,1,0,1,0,0,0,0,0,0,0,0,0,1,2.0,3,6.0
105,2,2.0,5.0,3,3,,2,3,0,0,0,0,0,0,0,0,0,0,1,0,0,1,,,6.0
106,2,3.0,1.0,3,6,,2,3,0,0,0,1,0,1,1,0,0,0,1,0,0,1,,,4.0
107,3,7.0,6.0,3,3,,2,3,0,0,0,0,1,0,0,0,0,0,0,0,0,1,,,7.0
108,3,5.0,6.0,2,5,3,2,3,0,0,1,0,0,0,0,0,0,0,0,0,0,1,2.0,3,1.0
109,3,3.0,1.0,3,5,,3,3,0,0,0,0,0,0,0,0,0,0,0,1,0,0,,,5.0
110,3,2.0,1.0,3,5,,3,3,0,0,0,0,0,0,0,0,0,0,0,1,0,0,,,5.0
111,3,7.0,7.0,2,3,3,3,3,0,1,1,1,1,0,0,0,0,0,0,0,0,0,2.0,3,8.0
112,3,3.0,4.0,3,6,3,2,3,0,0,0,0,0,0,0,0,0,0,0,1,0,1,2.0,3,5.0
113,2,7.0,4.0,2,3,3,2,3,0,1,1,1,1,0,1,1,0,1,1,0,0,1,2.0,3,6.0
114,2,7.0,1.0,3,3,3,3,3,0,0,1,1,1,1,0,0,0,0,0,1,0,0,2.0,3,7.0
115,3,5.0,4.0,3,3,,2,3,0,0,0,0,0,0,0,0,0,0,0,1,0,1,,,8.0
116,3,3.0,6.0,2,3,3,3,3,0,1,1,1,1,0,0,0,1,0,0,0,0,0,2.0,3,5.0
117,2,3.0,3.0,3,3,,3,3,0,0,0,0,0,0,0,0,0,0,0,0,1,0,,,5.0
118,2,3.0,4.0,3,5,,,,0,0,0,0,0,0,0,0,0,0,0,0,0,0,,,4.0
119,2,5.0,4.0,3,3,3,3,3,0,0,0,0,0,0,0,0,0,0,1,0,0,0,2.0,3,6.0
120,3,5.0,1.0,3,3,,3,3,0,0,1,0,0,0,0,0,0,1,1,0,0,0,,,1.0
121,2,3.0,6.0,3,3,,3,3,0,0,0,0,0,0,0,0,0,0,0,1,0,0,,,6.0
122,2,3.0,6.0,3,3,,2,3,0,0,0,0,0,0,0,0,0,0,0,1,0,1,,,4.0
123,3,3.0,1.0,3,6,,3,3,0,0,0,0,0,0,0,0,0,0,0,1,0,0,,,4.0
124,3,5.0,1.0,3,3,,3,3,0,0,0,0,0,0,0,0,0,0,0,1,0,0,,,5.0
125,2,7.0,5.0,2,5,,2,3,0,1,1,1,1,1,1,1,1,0,0,0,0,1,,,7.0
126,2,5.0,3.0,3,6,,2,3,0,0,1,0,0,0,0,0,0,0,0,0,0,1,,,5.0
127,3,7.0,8.0,2,3,,2,3,0,0,0,1,0,0,0,0,0,0,0,0,0,1,,,5.0
128,3,5.0,3.0,3,3,,2,3,0,0,0,0,0,0,0,1,0,0,0,0,0,1,,,4.0
129,3,2.0,4.0,3,3,3,3,3,0,0,1,1,0,0,0,0,0,0,0,0,0,0,2.0,3,5.0
130,2,3.0,3.0,3,6,3,3,3,0,0,0,0,0,0,0,0,0,0,0,0,1,0,2.0,3,2.0
131,3,3.0,6.0,3,3,3,3,3,0,0,0,0,0,0,0,0,0,0,1,0,0,0,2.0,3,5.0
132,2,7.0,6.0,2,3,,3,3,0,0,0,0,0,0,0,0,0,0,0,1,0,0,,,5.0
133,2,1.0,4.0,3,5,,2,3,0,0,0,0,0,0,0,0,0,0,0,1,0,1,,,6.0
134,3,3.0,6.0,2,6,,2,3,0,0,0,1,0,0,0,0,0,0,0,0,0,1,,,4.0
135,3,3.0,3.0,3,6,,3,3,0,0,0,0,0,0,0,0,0,0,0,0,1,0,,,7.0
136,2,3.0,1.0,3,6,,3,3,0,0,0,0,0,0,0,0,0,0,1,0,0,0,,,4.0
137,3,5.0,7.0,3,3,3,3,3,0,0,0,0,0,0,0,0,0,0,0,1,0,0,2.0,3,6.0
138,,3.0,4.0,3,5,,3,3,0,0,0,1,0,0,0,0,0,0,0,0,0,0,,,7.0
139,3,3.0,3.0,2,6,,3,3,0,0,0,0,0,0,0,0,0,0,0,0,1,0,,,7.0
140,2,5.0,7.0,3,6,,,,0,0,0,0,0,0,0,0,0,0,0,0,0,0,,,5.0
141,3,5.0,6.0,3,3,,2,2,0,0,1,1,0,0,0,0,0,0,0,0,0,1,,,5.0
142,2,1.0,1.0,3,3,,3,3,0,0,0,0,0,0,0,0,0,0,1,0,0,0,,,6.0
143,2,3.0,1.0,3,3,,3,2,0,0,0,0,0,0,0,0,0,0,0,0,1,0,,,5.0
144,3,2.0,4.0,3,3,,3,3,0,0,0,0,0,0,0,0,0,0,0,0,1,0,,,5.0
145,3,3.0,6.0,3,3,,1,3,0,0,0,1,0,0,0,0,0,0,0,0,0,0,,,6.0
146,3,5.0,6.0,3,5,,3,3,0,0,0,0,0,0,0,0,0,0,0,1,0,0,,,4.0
147,2,3.0,4.0,3,3,,3,2,0,1,0,0,0,0,0,0,0,0,0,0,0,0,,,4.0
148,2,3.0,4.0,3,3,,3,3,0,0,1,0,0,0,0,0,0,0,0,0,1,0,,,5.0
149,3,5.0,7.0,3,3,,3,3,0,0,0,0,0,0,0,0,0,0,0,1,0,0,,,6.0
150,2,3.0,1.0,3,3,,,,0,0,0,0,0,0,0,0,0,0,0,0,0,0,,,7.0
151,2,3.0,6.0,3,3,,1,3,0,0,0,0,0,0,0,0,0,0,0,0,1,0,,,7.0
152,3,1.0,7.0,3,3,,3,3,0,0,0,0,0,0,0,0,0,0,0,1,0,0,,,1.0
153,3,3.0,3.0,3,5,,3,3,0,0,0,0,0,0,0,0,0,0,0,1,0,0,,,5.0
154,3,3.0,6.0,3,3,3,3,3,1,1,0,1,0,0,0,0,1,0,0,0,0,0,4.0,3,5.0
155,2,3.0,3.0,3,5,2,3,3,0,0,0,0,0,0,0,0,0,0,0,0,1,0,2.0,3,3.0
156,2,2.0,5.0,3,1,,,,0,0,0,0,0,0,0,0,0,0,0,0,0,0,,,1.0
157,3,7.0,6.0,2,3,,3,3,0,0,0,0,0,0,0,0,0,0,0,1,0,0,,,5.0
158,2,3.0,3.0,3,1,,3,3,0,0,0,0,0,0,0,0,0,0,0,1,0,0,,,5.0
159,2,2.0,5.0,3,5,,2,3,0,0,0,1,1,0,0,0,0,0,0,0,0,1,,,4.0
160,3,1.0,4.0,2,3,,,,0,0,0,0,0,0,0,0,0,0,0,0,0,0,,,5.0
161,2,3.0,6.0,2,5,,3,3,0,0,0,0,0,0,0,0,0,0,0,1,0,0,,,3.0
162,2,3.0,3.0,3,5,,3,3,0,0,0,0,0,0,0,0,0,0,0,1,0,0,,,3.0
163,2,3.0,6.0,3,3,2,3,3,1,0,0,1,1,0,0,0,0,0,0,0,0,0,2.0,3,4.0
164,3,2.0,4.0,3,3,2,3,3,0,0,0,0,0,0,0,0,0,0,0,0,1,0,4.0,2,4.0
165,2,3.0,3.0,3,3,,2,3,0,0,0,0,0,0,0,0,0,0,0,1,0,1,,,7.0
166,3,3.0,7.0,3,3,,3,3,0,0,0,0,0,0,0,0,0,0,0,1,0,0,,,5.0
167,2,3.0,5.0,2,6,,,,0,0,0,0,0,0,0,0,0,0,0,0,0,0,,,5.0
168,2,3.0,1.0,3,3,3,2,3,0,0,0,1,0,0,0,0,0,0,1,0,0,1,2.0,3,2.0
169,3,3.0,6.0,3,3,2,3,3,0,0,0,1,0,0,0,0,0,0,0,0,0,0,3.0,3,6.0
170,2,3.0,4.0,3,3,3,3,3,0,0,0,0,0,0,0,0,0,0,0,0,1,0,2.0,3,5.0
171,3,3.0,4.0,3,5,,2,3,0,0,0,0,1,0,0,0,0,1,1,0,0,1,,,7.0
172,3,3.0,3.0,3,3,3,3,3,0,1,0,1,1,0,0,0,0,0,0,0,0,0,2.0,3,6.0
173,3,3.0,3.0,3,3,,2,2,1,0,0,1,1,0,0,0,0,0,1,0,0,1,,,5.0
174,3,3.0,3.0,3,3,2,2,3,1,0,0,1,0,0,0,0,0,1,1,0,0,1,,,
175,3,5.0,3.0,2,3,3,2,2,1,0,0,1,1,0,0,0,1,0,0,0,0,1,2.0,3,6.0
176,3,5.0,4.0,2,3,3,3,3,0,1,0,1,0,0,0,0,0,0,1,0,0,0,2.0,3,6.0
177,3,3.0,4.0,2,3,3,2,2,0,1,0,0,1,0,0,0,0,0,0,1,0,1,2.0,3,7.0
178,3,3.0,3.0,2,5,2,3,2,1,1,0,1,1,0,0,0,1,1,1,0,0,0,2.0,3,7.0
179,2,3.0,5.0,3,3,,3,3,0,0,0,0,0,0,0,0,0,0,0,0,1,0,,,4.0
180,3,5.0,7.0,2,3,2,3,3,1,0,0,1,0,0,0,0,0,0,0,0,0,0,2.0,3,6.0
181,2,3.0,4.0,3,3,3,2,3,0,0,0,0,0,0,0,0,1,0,0,0,0,1,3.0,3,5.0
182,3,3.0,3.0,3,5,2,3,3,0,0,0,0,0,0,0,0,0,0,0,1,0,0,1.0,1,1.0
183,2,3.0,7.0,3,3,3,3,2,1,1,0,1,0,0,0,0,0,0,0,0,0,0,2.0,3,6.0
184,3,3.0,4.0,3,3,2,3,2,0,0,0,1,0,0,0,0,0,0,0,0,0,0,2.0,3,5.0
185,2,2.0,2.0,3,5,,2,3,0,0,0,0,0,0,0,0,0,0,1,1,0,1,,,3.0
186,2,2.0,6.0,3,3,,3,3,0,0,0,1,0,0,0,0,0,0,0,0,0,0,,,2.0
187,3,3.0,1.0,3,6,3,3,3,0,0,0,0,0,0,0,0,0,0,0,0,1,0,2.0,3,3.0
188,2,3.0,3.0,3,3,,2,3,1,1,1,1,1,0,0,0,1,0,1,0,0,1,,,4.0
189,2,3.0,5.0,3,3,,3,3,0,0,0,0,0,0,0,0,0,0,0,1,0,0,,,3.0
190,3,3.0,6.0,3,6,3,3,2,0,0,0,1,0,0,0,0,0,0,0,0,0,0,2.0,3,4.0
191,3,5.0,1.0,2,5,,2,3,0,0,0,0,1,0,0,0,0,0,0,0,0,1,,,5.0
192,2,2.0,5.0,3,5,,3,3,0,0,0,0,0,0,0,0,0,0,0,1,0,0,,,2.0
193,3,3.0,6.0,3,4,,3,3,0,0,0,0,0,0,0,0,0,0,0,1,0,0,,,3.0
194,2,5.0,3.0,3,3,2,3,3,0,0,1,1,0,0,0,0,0,0,0,1,0,0,2.0,3,3.0
195,2,7.0,6.0,2,3,,3,3,0,0,0,0,0,0,0,0,0,0,0,0,1,0,,,6.0
196,2,3.0,5.0,3,3,,3,3,0,1,0,0,0,0,0,0,0,0,0,0,0,0,,,5.0
197,3,3.0,3.0,3,6,,3,1,0,0,0,0,0,0,0,0,0,0,0,1,0,0,,,6.0
198,3,3.0,3.0,3,6,,3,3,0,0,0,0,0,0,0,0,0,0,0,1,0,0,,,5.0
199,3,6.0,4.0,3,6,,3,3,0,0,0,0,0,0,0,0,0,0,0,1,0,0,,,1.0
200,2,3.0,4.0,2,3,,3,3,0,0,0,0,0,0,0,0,0,0,0,1,0,0,,,6.0
201,2,5.0,5.0,3,3,,3,3,0,0,0,0,0,0,0,0,0,0,0,0,1,0,,,4.0
202,3,2.0,2.0,3,,,,,0,0,0,0,0,0,0,0,0,0,0,0,0,0,,,
203,2,5.0,5.0,3,3,3,3,3,0,0,1,0,0,0,0,0,0,0,0,0,0,0,2.0,3,
204,2,3.0,4.0,3,5,2,3,3,0,1,0,0,1,0,0,0,0,0,1,0,0,0,3.0,2,5.0
205,2,5.0,7.0,3,6,,3,3,0,0,0,0,0,0,0,0,0,0,0,1,0,0,,,7.0
206,3,1.0,1.0,3,5,3,3,3,0,0,0,0,0,0,0,0,0,0,1,0,0,0,2.0,3,3.0
207,3,5.0,1.0,3,4,,3,3,0,0,0,0,0,0,0,0,0,0,0,1,0,0,,,4.0
208,2,3.0,5.0,2,3,,3,3,0,0,0,0,0,0,0,0,0,0,0,1,0,0,,,4.0
209,2,3.0,1.0,2,3,3,2,3,1,1,0,1,1,1,0,0,0,0,1,0,0,1,2.0,3,3.0
210,2,5.0,1.0,2,3,,2,3,0,1,0,1,1,0,0,0,0,1,1,0,0,1,,,5.0
211,3,3.0,6.0,3,3,2,3,3,0,1,0,1,1,0,0,0,0,0,0,0,0,0,2.0,3,5.0
212,3,3.0,6.0,3,6,3,3,3,0,1,0,1,1,1,0,0,0,0,1,0,0,0,2.0,3,1.0
213,3,3.0,6.0,3,3,,2,3,1,0,0,0,0,0,0,0,0,0,0,0,0,1,,,3.0
214,3,2.0,1.0,3,3,3,3,3,1,1,1,1,1,1,0,0,0,0,1,0,0,0,3.0,3,5.0
215,2,5.0,7.0,3,5,,2,3,0,0,0,0,1,0,0,0,0,0,0,1,0,1,,,4.0
216,3,3.0,6.0,3,3,3,3,3,0,0,0,1,0,0,0,0,1,0,0,0,0,0,2.0,3,4.0
217,2,2.0,4.0,2,3,,3,3,0,1,1,1,1,1,0,0,0,0,1,0,0,0,,,6.0
218,3,8.0,4.0,2,5,3,3,3,1,1,1,1,0,0,0,0,0,0,0,0,0,0,2.0,3,7.0
219,2,2.0,5.0,3,3,3,3,3,1,1,0,1,1,0,0,0,0,0,1,0,0,0,2.0,3,5.0
220,2,3.0,6.0,3,4,,,,0,0,0,0,0,0,0,0,0,0,0,0,0,0,,,1.0
221,3,3.0,3.0,3,3,3,3,2,0,0,0,1,0,0,0,0,0,0,0,0,0,0,2.0,3,5.0
222,2,5.0,7.0,3,3,2,3,2,0,0,0,1,0,1,0,0,0,0,0,0,0,0,2.0,3,4.0
223,2,3.0,1.0,3,3,2,3,3,0,1,0,1,1,1,0,0,0,1,1,0,0,0,2.0,3,1.0
224,3,3.0,1.0,3,3,2,2,2,0,0,0,1,0,0,0,0,0,0,0,0,0,1,2.0,2,4.0
225,3,2.0,2.0,3,3,3,3,2,0,1,0,1,0,0,0,0,0,0,1,0,0,0,2.0,3,5.0
226,2,7.0,4.0,3,1,3,3,3,1,1,0,1,0,0,0,0,0,0,0,0,0,0,2.0,3,5.0
227,3,3.0,3.0,3,3,3,3,3,0,0,1,1,0,0,0,0,0,0,0,0,0,0,2.0,3,4.0
228,3,3.0,3.0,3,6,,3,2,0,0,0,1,0,0,0,0,0,0,0,0,0,0,,,4.0
229,3,3.0,1.0,3,6,,3,3,1,0,0,1,0,0,0,0,0,0,0,0,0,0,,,4.0
230,2,3.0,6.0,1,6,2,2,3,0,0,0,0,0,0,0,0,0,0,0,0,1,1,2.0,3,3.0
231,3,3.0,7.0,3,5,2,2,3,0,1,0,1,0,0,0,0,0,0,1,0,0,1,2.0,3,5.0
232,3,3.0,6.0,3,3,3,3,3,0,0,0,1,0,0,0,0,0,0,0,0,0,0,2.0,3,6.0
233,3,2.0,3.0,3,3,3,3,2,0,0,0,1,0,0,0,0,0,0,0,0,1,0,2.0,3,4.0
234,3,3.0,7.0,3,5,,2,3,0,0,0,1,0,0,0,0,0,0,0,0,0,1,,,4.0
235,2,5.0,1.0,3,3,,2,3,0,0,1,1,0,0,0,0,0,0,0,0,0,1,,,5.0
236,2,3.0,5.0,3,6,,,,0,0,0,0,0,0,0,0,0,0,0,0,0,0,,,4.0
237,,2.0,2.0,3,3,2,3,3,1,1,0,1,1,0,0,0,0,0,0,0,0,0,2.0,3,4.0
238,3,5.0,7.0,3,5,2,3,3,0,1,0,1,0,0,0,0,0,0,0,0,0,0,2.0,3,4.0
239,2,5.0,1.0,3,3,2,2,3,0,0,0,1,0,0,0,0,0,0,0,0,0,1,2.0,3,5.0
240,2,3.0,3.0,3,5,3,3,3,0,1,0,1,1,1,0,0,0,1,1,0,0,0,2.0,3,5.0
241,2,3.0,3.0,3,3,,,,0,0,0,0,0,0,0,0,0,0,0,0,0,0,,,5.0
242,3,3.0,3.0,3,3,,3,3,0,0,0,0,0,0,0,0,0,0,0,1,0,0,,,1.0
243,2,3.0,1.0,2,6,,,,0,0,0,0,0,0,0,0,0,0,0,0,0,0,,,4.0
244,3,3.0,4.0,2,6,,3,3,0,0,0,0,0,0,0,0,0,0,0,1,0,0,,,4.0
245,3,3.0,7.0,3,3,,2,3,0,0,0,0,0,0,0,0,0,0,0,1,0,1,,,5.0
246,3,2.0,3.0,3,6,2,3,3,0,0,1,1,1,0,0,0,0,0,1,0,0,0,2.0,2,2.0
247,2,3.0,5.0,3,1,,3,3,0,0,0,0,0,0,0,0,0,0,0,1,0,0,,,2.0
248,2,3.0,3.0,3,3,,3,3,0,0,0,0,0,0,0,0,0,0,0,1,0,0,,,5.0
249,2,3.0,6.0,2,3,,3,3,0,0,1,1,0,0,0,0,0,0,0,0,0,0,,,4.0
250,3,3.0,7.0,3,6,2,2,3,1,1,0,1,0,0,0,0,0,0,0,0,0,1,2.0,3,4.0
251,2,5.0,5.0,2,3,,,,0,0,0,0,0,0,0,0,0,0,0,0,0,0,,,1.0
252,3,2.0,1.0,1,5,,3,3,1,0,1,1,0,0,0,0,0,0,0,0,0,0,,,2.0
253,2,3.0,3.0,3,3,,3,3,0,0,0,0,0,0,0,0,0,0,0,1,0,0,,,5.0
254,2,3.0,4.0,2,1,,,,0,0,0,0,0,0,0,0,0,0,0,0,0,0,,,5.0
255,2,5.0,7.0,3,5,3,3,3,0,1,0,0,0,0,0,0,0,0,1,0,0,0,2.0,3,5.0
256,3,3.0,6.0,3,3,2,2,3,1,1,0,0,0,0,0,0,0,0,0,0,0,1,2.0,3,4.0
257,2,5.0,7.0,3,3,,2,3,0,0,0,0,0,1,0,0,0,0,0,0,0,1,,,5.0
258,3,3.0,6.0,3,5,3,2,3,1,1,0,1,0,1,0,0,1,0,0,0,0,1,2.0,3,2.0
259,3,3.0,1.0,3,3,2,3,2,1,1,0,1,0,0,0,0,1,1,1,0,0,0,3.0,3,4.0
260,2,3.0,6.0,2,3,2,2,3,0,0,0,1,1,1,0,0,0,0,1,0,0,1,2.0,2,8.0
261,3,5.0,4.0,2,3,3,2,3,1,0,0,1,1,0,0,0,0,0,1,0,0,1,2.0,3,7.0
262,3,3.0,3.0,3,3,3,2,3,1,1,0,1,0,0,0,0,0,0,1,0,0,1,2.0,3,5.0
263,2,3.0,5.0,3,3,3,3,3,1,0,0,0,0,0,0,0,0,0,0,0,0,0,2.0,3,6.0
264,3,3.0,4.0,3,5,2,2,3,0,0,1,1,1,1,0,0,0,0,1,0,0,1,2.0,3,5.0
265,3,7.0,6.0,2,3,2,3,3,0,0,0,1,0,0,0,0,0,0,0,0,0,0,2.0,3,1.0
266,3,2.0,3.0,3,3,3,2,3,0,1,1,0,0,0,0,0,0,0,0,0,0,1,2.0,3,4.0
267,3,5.0,4.0,2,3,3,2,3,0,0,0,1,0,0,0,0,0,0,0,0,0,1,2.0,3,7.0
268,2,5.0,1.0,3,6,3,3,3,0,1,0,1,0,0,0,1,0,0,0,0,0,0,2.0,3,5.0
269,3,3.0,3.0,2,3,,3,3,0,0,0,0,0,0,0,0,0,0,0,1,0,0,,,7.0
270,2,2.0,4.0,3,5,3,3,3,0,1,1,0,1,1,0,0,1,0,0,0,0,0,2.0,3,6.0
271,3,6.0,8.0,3,3,3,3,3,1,0,0,1,0,0,0,0,0,0,0,0,0,0,2.0,3,1.0
272,3,2.0,4.0,3,3,,2,2,0,1,0,0,0,0,0,0,0,0,0,0,0,1,,,6.0
273,3,2.0,6.0,3,5,2,3,3,1,1,0,0,0,0,0,0,0,0,0,0,0,0,2.0,2,4.0
274,2,3.0,7.0,3,4,2,2,3,0,0,0,1,0,0,0,0,0,0,0,0,0,1,2.0,2,4.0
275,3,2.0,1.0,2,3,2,2,3,1,0,0,0,0,0,0,0,0,0,0,0,0,1,3.0,3,4.0
276,3,3.0,1.0,3,3,2,3,3,0,1,1,1,1,0,1,0,0,1,1,0,0,0,2.0,3,5.0
277,2,3.0,5.0,3,5,3,2,3,1,1,1,0,1,1,0,0,0,0,0,0,0,1,2.0,3,5.0
278,2,3.0,5.0,3,3,3,3,3,0,0,0,1,0,0,0,0,0,0,0,0,0,0,2.0,3,5.0
279,3,3.0,6.0,2,3,3,2,2,0,1,0,1,0,0,0,0,0,0,0,0,0,1,3.0,2,4.0
280,2,5.0,4.0,3,3,,3,2,0,1,0,1,0,0,0,0,0,0,0,0,0,0,,,4.0
281,2,5.0,5.0,2,3,3,2,2,1,1,0,1,0,1,0,0,0,1,1,0,0,1,2.0,3,5.0
282,2,3.0,4.0,2,3,3,2,3,1,1,0,1,1,0,0,0,0,0,0,0,0,1,2.0,3,6.0
283,3,3.0,7.0,2,3,3,3,2,1,1,1,1,1,0,0,0,0,0,0,0,0,0,2.0,3,7.0
284,3,3.0,4.0,2,3,2,3,3,0,1,0,1,1,1,0,0,0,0,0,0,0,0,3.0,3,5.0
285,3,3.0,4.0,3,3,3,2,3,1,1,0,1,1,0,0,0,0,0,1,0,0,1,3.0,3,6.0
286,3,3.0,1.0,3,3,3,2,3,1,0,0,0,0,0,0,0,0,0,0,0,1,1,2.0,3,3.0
287,2,3.0,4.0,3,5,3,3,3,1,0,0,1,0,0,0,0,0,0,1,0,0,0,3.0,3,5.0
288,2,3.0,3.0,2,3,,3,3,1,0,0,0,0,0,0,0,0,0,0,0,1,0,,,1.0
289,3,2.0,4.0,3,3,3,2,3,1,1,0,1,1,0,0,0,0,0,0,0,0,1,2.0,3,4.0
290,2,3.0,6.0,3,3,3,3,3,0,1,0,1,0,0,0,0,0,0,0,0,0,0,2.0,3,5.0
291,3,3.0,7.0,3,5,2,2,2,0,0,0,1,1,0,0,0,0,1,1,0,0,1,2.0,3,6.0
292,2,3.0,5.0,2,,,,,0,0,0,0,0,0,0,0,0,0,0,0,0,0,,,
293,3,3.0,7.0,3,3,2,3,3,1,1,0,1,1,1,0,1,0,0,1,0,0,0,2.0,3,5.0
294,3,3.0,3.0,3,3,3,2,3,0,1,0,1,1,1,0,0,0,1,1,0,0,1,2.0,3,4.0
295,2,3.0,6.0,3,3,2,3,3,1,0,0,1,0,0,0,0,0,0,0,0,0,0,2.0,2,7.0
296,3,3.0,3.0,3,5,,3,3,0,0,0,0,0,0,0,0,0,1,1,0,0,0,,,5.0
297,3,7.0,4.0,2,3,3,2,3,0,0,0,0,0,0,0,0,0,0,0,0,1,1,2.0,3,1.0
298,3,3.0,7.0,2,3,,,,0,0,0,0,0,0,0,0,0,0,0,0,0,0,,,6.0
299,3,3.0,7.0,2,3,3,2,1,0,1,0,1,1,1,0,0,0,1,1,0,0,1,2.0,3,4.0
300,3,3.0,6.0,3,3,2,3,3,0,0,0,1,0,0,0,0,0,0,0,0,0,0,2.0,3,5.0
301,2,3.0,4.0,3,3,2,3,3,0,0,0,0,0,1,0,0,0,0,0,0,0,0,2.0,2,4.0
302,2,3.0,5.0,3,3,2,2,2,0,1,0,1,1,1,0,0,1,0,1,0,0,1,2.0,3,3.0
303,2,3.0,3.0,3,3,3,3,3,0,0,0,1,0,0,0,0,0,0,0,0,0,0,2.0,3,4.0
304,3,5.0,6.0,3,3,,3,3,0,1,0,0,0,0,0,0,0,0,0,0,0,0,,,7.0
305,3,3.0,7.0,3,3,,,,0,0,0,0,0,0,0,0,0,0,0,0,0,0,,,7.0
306,3,3.0,4.0,3,3,,3,3,0,0,0,0,0,0,0,0,0,0,0,1,0,0,,,4.0
307,3,3.0,6.0,2,3,,2,3,0,0,0,0,0,0,0,0,0,0,1,0,0,1,,,5.0
308,3,2.0,6.0,3,3,,,,0,0,0,0,0,0,0,0,0,0,0,0,0,0,,,1.0
309,3,1.0,7.0,2,6,,2,3,0,0,0,1,0,0,0,0,0,0,0,0,0,1,,,1.0
310,2,2.0,6.0,3,3,,3,3,0,0,0,0,0,0,0,0,0,0,0,1,0,0,,,4.0
311,2,5.0,3.0,3,5,3,3,3,1,0,0,1,0,0,0,0,0,0,0,0,0,0,2.0,3,6.0
312,2,3.0,3.0,3,6,,3,3,0,0,0,0,0,0,0,0,0,0,0,0,1,0,,,3.0
313,2,2.0,6.0,2,3,3,3,2,0,1,0,1,0,0,0,0,0,0,0,0,0,0,2.0,3,4.0
314,2,3.0,4.0,1,6,3,2,3,0,0,0,1,0,0,0,0,0,0,0,0,0,1,2.0,2,4.0
315,2,2.0,2.0,3,6,,2,3,0,0,0,1,0,0,1,1,1,1,1,0,0,1,,,5.0
316,3,3.0,3.0,3,3,,3,3,0,0,0,0,0,0,0,0,0,0,0,1,0,0,,,5.0
317,2,3.0,3.0,3,6,,3,3,1,1,0,0,0,0,0,0,0,0,1,0,0,0,,,3.0
318,3,3.0,6.0,2,6,3,3,3,0,1,0,1,1,0,0,0,0,0,1,0,0,0,2.0,3,4.0
319,2,3.0,3.0,3,6,,,,0,0,0,0,0,0,0,0,0,0,0,0,0,0,,,3.0
320,3,3.0,3.0,3,6,2,3,3,0,0,0,0,0,0,0,0,0,0,0,0,1,0,2.0,3,5.0
321,3,3.0,6.0,2,3,,3,3,0,0,0,0,0,0,0,0,0,0,0,0,1,0,,,3.0
322,3,3.0,6.0,2,3,,3,3,0,0,1,1,0,0,0,0,1,0,0,0,0,0,,,5.0
323,3,3.0,6.0,3,3,,3,3,0,0,0,0,0,0,0,0,0,0,0,1,0,0,,,6.0
324,3,3.0,6.0,3,3,3,3,3,0,0,0,0,0,0,0,0,0,0,0,0,1,0,2.0,3,2.0
325,3,3.0,6.0,3,6,2,3,3,1,1,0,1,1,0,0,0,0,0,0,0,0,0,2.0,3,4.0
326,3,2.0,1.0,3,5,3,2,3,0,0,0,1,1,0,0,0,0,0,0,0,0,1,2.0,3,3.0
327,2,3.0,3.0,3,5,3,3,3,1,1,1,1,1,1,0,0,1,0,1,0,0,0,2.0,3,5.0
328,2,3.0,6.0,3,5,,,,0,0,0,0,0,0,0,0,0,0,0,0,0,0,,,2.0
329,3,3.0,6.0,2,3,,3,3,0,0,0,1,0,0,0,0,0,0,0,0,0,0,,,2.0
330,2,2.0,3.0,3,3,3,3,3,0,1,0,0,0,0,0,0,0,0,1,0,0,0,2.0,2,3.0
331,2,3.0,6.0,3,5,,3,3,0,0,0,0,0,0,0,0,0,0,1,0,0,0,,,5.0
332,2,3.0,4.0,3,3,2,3,3,1,0,0,1,0,0,0,0,0,0,0,0,0,0,4.0,3,5.0
333,2,5.0,6.0,3,3,2,2,3,0,0,0,1,0,0,0,0,0,0,0,0,0,1,2.0,3,4.0
334,3,3.0,4.0,3,3,,2,3,0,0,1,0,0,0,0,0,0,0,0,0,0,1,,,5.0
335,3,2.0,2.0,3,6,2,3,2,0,0,0,1,0,0,0,0,0,1,0,0,0,0,2.0,3,2.0
336,2,3.0,1.0,3,3,3,3,2,1,1,0,1,0,0,0,0,0,0,0,0,0,0,2.0,3,5.0
337,2,3.0,3.0,3,3,2,2,3,1,1,0,1,1,0,0,0,0,0,0,0,0,1,2.0,2,5.0
338,3,3.0,7.0,2,3,3,2,3,1,1,1,1,1,0,0,0,1,1,0,0,0,1,2.0,3,6.0
339,3,3.0,4.0,3,3,3,3,3,0,0,0,1,0,0,0,0,0,0,0,0,0,0,2.0,3,5.0
340,2,3.0,7.0,3,3,2,3,3,0,1,0,1,1,0,0,1,0,1,1,0,0,0,2.0,3,5.0
341,3,5.0,6.0,2,5,2,3,2,0,0,1,1,1,0,0,0,0,0,1,0,0,0,2.0,3,7.0
342,2,3.0,6.0,3,5,2,3,3,1,0,0,0,0,0,1,0,1,0,0,0,0,0,3.0,3,2.0
343,2,3.0,7.0,3,3,,2,2,0,1,1,1,0,1,0,0,0,0,1,0,0,1,,,5.0
344,3,7.0,4.0,2,3,2,2,3,0,0,1,1,1,1,0,0,0,1,1,0,0,1,3.0,3,1.0
345,3,3.0,3.0,3,6,3,2,3,0,0,0,1,0,0,0,0,0,0,0,0,0,1,2.0,3,8.0
346,3,3.0,6.0,3,6,3,2,3,0,1,0,1,1,1,0,0,0,1,1,0,1,1,3.0,3,3.0
347,3,2.0,1.0,3,5,2,2,3,0,0,0,1,1,1,0,0,0,0,1,0,0,1,3.0,3,5.0
348,2,5.0,3.0,3,3,,2,2,1,0,0,1,0,0,0,0,1,0,0,0,0,1,,,5.0
349,2,5.0,7.0,3,3,3,2,3,0,0,0,1,0,0,0,0,0,0,0,0,0,1,3.0,3,5.0
350,2,3.0,5.0,3,5,,,,0,0,0,0,0,0,0,0,0,0,0,0,0,0,,,4.0
351,3,2.0,1.0,3,3,2,3,3,0,1,1,1,1,0,0,0,0,0,1,0,0,0,2.0,2,2.0
352,2,3.0,3.0,3,3,,3,3,0,0,0,1,0,0,0,0,0,0,0,0,0,0,,,4.0
353,3,3.0,6.0,3,5,3,2,3,1,0,0,1,0,0,0,0,0,0,0,0,0,1,2.0,3,4.0
354,2,5.0,4.0,3,3,3,3,3,1,1,1,1,1,1,0,0,0,0,0,0,0,0,2.0,3,5.0
355,3,3.0,6.0,2,3,,3,3,0,0,0,0,1,0,0,0,0,0,0,0,0,0,,,4.0
356,3,3.0,6.0,3,3,2,3,3,1,1,0,1,0,0,0,0,0,0,0,0,0,0,3.0,2,6.0
357,2,3.0,5.0,3,3,3,2,2,1,1,0,1,0,0,0,0,0,0,0,0,0,1,2.0,3,4.0
358,3,3.0,6.0,3,3,2,3,3,1,1,1,1,1,0,0,0,0,0,1,0,0,0,4.0,3,4.0
359,3,3.0,4.0,2,5,3,3,3,0,0,0,1,1,0,0,0,0,0,0,0,0,0,2.0,3,5.0
360,2,3.0,3.0,3,3,3,2,3,1,0,0,1,0,0,0,0,0,0,0,0,0,1,3.0,3,5.0
361,2,2.0,1.0,1,3,3,2,2,0,0,1,0,0,0,0,0,0,0,0,0,0,1,2.0,3,5.0
362,3,2.0,1.0,3,3,2,2,3,0,0,1,1,1,0,0,0,0,0,0,0,0,1,2.0,3,5.0
363,2,3.0,7.0,3,3,2,2,3,1,0,0,1,1,0,0,0,0,0,1,0,0,1,2.0,3,5.0
364,2,5.0,3.0,2,3,3,3,3,0,0,0,1,0,0,0,0,0,0,1,0,0,0,2.0,3,5.0
365,3,3.0,8.0,3,3,,3,2,0,1,1,0,1,0,0,0,0,1,0,0,0,0,,,4.0
366,2,5.0,6.0,3,3,3,3,3,1,0,0,1,0,0,0,0,0,0,0,0,0,0,3.0,3,5.0
367,2,3.0,7.0,3,5,2,2,3,0,1,0,1,0,0,0,0,0,0,0,0,0,1,2.0,3,4.0
368,2,3.0,6.0,3,5,2,2,3,1,1,0,1,1,1,0,0,0,0,1,0,0,1,3.0,3,4.0
369,3,3.0,1.0,3,3,2,2,2,1,1,0,1,0,0,0,0,0,0,0,0,0,1,2.0,2,5.0
370,2,3.0,1.0,3,3,3,3,3,0,0,0,0,0,0,0,0,0,0,0,0,1,0,2.0,3,4.0
371,3,3.0,6.0,3,3,,2,3,0,1,1,1,1,1,0,0,1,0,1,0,0,1,,,3.0
372,2,5.0,5.0,2,3,2,3,3,0,0,0,1,0,0,0,0,0,0,0,0,0,0,3.0,3,4.0
373,2,3.0,5.0,3,3,2,2,2,0,1,1,1,1,1,0,0,0,0,1,0,0,1,2.0,3,6.0
374,2,2.0,4.0,3,3,,2,3,1,0,0,1,0,0,0,0,0,0,1,0,0,1,,,4.0
375,2,3.0,3.0,3,3,3,3,3,1,1,0,1,1,1,0,0,0,0,1,0,0,0,2.0,3,7.0
376,3,3.0,1.0,3,3,3,3,2,1,0,0,1,0,0,0,0,0,0,0,0,0,0,2.0,3,4.0
377,2,5.0,5.0,3,3,,2,3,1,0,0,1,0,0,0,0,0,0,0,0,0,1,,,6.0
378,3,3.0,7.0,2,3,2,2,3,1,1,0,1,1,0,0,0,0,0,0,0,0,1,2.0,3,6.0
379,3,3.0,6.0,3,5,3,3,3,1,1,0,1,0,0,0,0,0,0,0,0,0,0,2.0,3,4.0
380,2,3.0,4.0,3,3,2,2,3,0,0,0,0,0,0,0,0,0,0,1,0,0,1,3.0,2,4.0
381,3,2.0,1.0,3,3,3,2,3,1,1,0,1,1,1,1,0,0,1,1,0,0,1,2.0,3,5.0
382,3,3.0,4.0,3,3,3,3,3,0,0,0,1,0,0,0,0,0,0,0,0,0,0,3.0,3,4.0
383,1,3.0,4.0,2,3,3,2,3,1,0,0,1,0,0,0,0,1,0,1,0,0,1,3.0,3,5.0
384,3,3.0,3.0,3,3,2,3,3,0,0,0,1,1,0,0,0,0,0,0,0,0,0,2.0,3,6.0
385,2,3.0,6.0,3,4,2,2,3,0,0,0,1,0,1,0,0,0,0,1,0,0,1,3.0,3,5.0
386,2,2.0,1.0,3,5,3,2,3,0,1,0,1,1,0,0,0,1,0,1,0,0,1,2.0,3,2.0
387,3,3.0,6.0,3,3,2,3,3,0,0,0,1,0,1,0,0,0,0,1,0,0,0,3.0,2,4.0
388,2,3.0,3.0,3,3,3,2,3,0,0,0,1,0,0,0,0,0,0,0,0,0,1,2.0,3,5.0
389,3,3.0,3.0,3,3,2,3,3,0,1,0,1,1,1,0,0,0,1,1,0,0,0,3.0,3,5.0
390,2,3.0,5.0,3,3,2,2,3,0,0,0,0,0,0,0,0,0,0,0,0,1,1,2.0,2,1.0
391,3,3.0,7.0,3,5,,3,2,0,1,0,1,1,1,0,0,0,0,0,0,0,0,,,1.0
392,2,5.0,4.0,3,3,,2,3,0,0,0,1,0,0,0,0,0,0,0,0,0,1,,,5.0
393,3,3.0,3.0,3,5,,3,3,0,0,0,0,0,0,0,0,0,0,0,1,0,0,,,6.0
394,2,5.0,1.0,3,3,2,3,3,1,1,0,0,0,0,0,0,0,0,0,0,0,0,3.0,3,4.0
395,3,3.0,3.0,3,5,3,3,3,0,1,1,1,0,0,0,0,0,0,0,0,0,0,2.0,3,5.0
396,3,5.0,6.0,2,3,2,2,3,0,0,1,1,0,0,0,0,0,0,0,0,0,1,2.0,2,8.0
397,2,2.0,4.0,3,5,,3,3,0,0,0,0,0,0,0,0,0,0,0,1,0,0,,,5.0
398,2,3.0,3.0,3,6,,2,3,0,0,0,0,0,0,0,0,0,0,0,1,0,1,,,5.0
399,3,5.0,4.0,3,3,,3,3,0,0,0,0,0,0,0,0,0,0,0,1,0,0,,,5.0
400,2,2.0,2.0,3,3,,3,3,0,0,0,0,0,0,0,0,0,0,1,0,0,0,,,4.0
401,3,3.0,3.0,3,5,,3,3,0,0,0,0,0,0,0,0,0,0,0,1,0,0,,,5.0
402,2,3.0,5.0,3,6,3,2,3,1,1,1,1,1,0,1,0,0,1,1,0,0,1,3.0,3,4.0
403,2,7.0,7.0,3,3,,3,3,0,0,1,0,0,0,0,0,0,0,0,0,0,0,,,5.0
404,3,7.0,7.0,3,3,,3,3,0,0,0,0,0,0,0,0,0,0,0,1,0,0,,,5.0
405,2,3.0,4.0,3,3,2,3,3,0,1,0,1,0,0,0,0,0,0,0,0,0,0,2.0,3,8.0
406,2,2.0,4.0,3,3,,3,3,0,0,0,0,0,0,0,0,0,0,0,1,0,0,,,4.0
407,3,5.0,1.0,3,3,,3,3,0,0,0,0,0,0,0,0,0,1,0,1,0,0,,,5.0
408,3,,,1,5,,3,3,0,1,0,1,1,0,0,1,0,0,1,0,0,0,,,3.0
409,2,7.0,5.0,2,5,,,,0,0,0,0,0,0,0,0,0,0,0,0,0,0,,,7.0
410,2,5.0,1.0,3,6,3,1,1,0,0,0,0,0,0,0,0,0,0,0,1,0,0,1.0,3,4.0
411,3,5.0,6.0,2,3,,3,3,0,0,0,0,0,0,0,0,0,0,0,1,0,0,,,6.0
412,3,3.0,4.0,2,3,,3,3,0,0,0,0,0,0,0,0,0,0,0,1,0,0,,,5.0
413,3,5.0,8.0,2,3,,3,3,0,1,1,0,0,0,0,0,0,0,0,0,0,0,,,8.0
414,2,2.0,6.0,2,3,,3,3,0,0,0,0,0,0,0,0,0,0,0,1,0,0,,,7.0
415,3,3.0,3.0,1,3,3,3,3,0,0,0,1,0,0,0,0,0,0,0,0,0,0,3.0,3,6.0
416,3,7.0,4.0,3,3,,2,3,0,0,0,0,0,0,0,0,0,0,0,1,0,1,,,7.0
417,2,6.0,1.0,3,3,,,,0,0,0,0,0,0,0,0,0,0,0,0,0,0,,,1.0
418,3,7.0,4.0,3,3,,3,3,0,0,0,0,0,0,0,0,0,0,0,0,1,0,,,9.0
419,2,5.0,4.0,3,3,,3,3,0,0,0,0,0,0,0,0,0,0,0,0,1,0,,,6.0
420,2,3.0,4.0,2,3,,3,3,1,0,0,0,0,0,0,0,0,0,0,1,0,0,,,5.0
421,3,2.0,4.0,3,3,,3,3,1,0,1,1,0,0,0,0,0,0,0,0,0,0,,,6.0
422,3,2.0,6.0,3,3,3,3,3,0,0,0,1,0,0,0,0,0,0,0,0,0,0,2.0,3,5.0
423,3,3.0,6.0,2,3,3,,2,0,0,0,1,0,0,0,0,0,0,0,0,0,0,2.0,3,4.0
424,2,5.0,1.0,3,3,,,,0,0,0,0,0,0,0,0,0,0,0,0,0,0,,,4.0
425,2,3.0,1.0,3,3,2,2,3,0,1,0,0,1,0,0,0,0,0,0,0,0,1,4.0,3,1.0
426,2,3.0,6.0,2,3,2,3,3,1,1,0,1,0,0,0,0,1,1,0,0,0,0,2.0,3,5.0
427,3,3.0,3.0,3,6,3,3,3,1,1,0,1,0,0,0,0,0,0,0,0,0,0,2.0,3,4.0
428,3,3.0,4.0,3,3,2,3,3,0,0,0,1,0,0,0,0,0,0,0,0,0,0,3.0,3,6.0
429,3,6.0,7.0,3,6,3,3,3,1,1,0,1,0,0,0,0,0,0,0,0,0,0,2.0,3,6.0
430,3,3.0,6.0,3,5,2,3,3,1,0,0,1,0,0,0,0,1,0,0,0,0,0,3.0,3,4.0
431,3,2.0,3.0,3,3,2,3,3,1,1,0,1,0,1,0,0,0,1,0,0,0,0,2.0,3,5.0
432,2,3.0,5.0,3,5,3,2,2,1,0,0,0,0,0,0,0,0,0,0,0,1,1,2.0,3,5.0
433,2,2.0,2.0,3,3,3,2,3,0,1,0,1,1,1,0,0,0,1,1,0,0,1,2.0,3,4.0
434,2,3.0,6.0,3,3,2,3,2,1,0,0,1,0,0,0,0,0,0,0,0,0,0,2.0,2,4.0
435,2,2.0,5.0,2,3,,2,3,0,1,1,1,1,0,0,0,0,0,1,0,0,1,,,1.0
436,3,5.0,6.0,3,3,3,3,3,1,1,0,1,1,1,1,1,1,1,1,0,0,0,3.0,3,5.0
437,2,5.0,7.0,3,6,2,2,2,1,1,0,1,1,1,1,1,1,1,1,0,0,1,2.0,3,6.0
438,2,3.0,6.0,3,3,3,2,2,1,0,0,1,0,0,0,0,0,0,0,0,0,1,2.0,3,5.0
439,3,3.0,4.0,3,5,3,3,3,0,0,0,1,1,0,0,0,0,0,0,0,0,0,2.0,3,6.0
440,2,3.0,4.0,3,6,,2,2,0,0,0,1,0,0,0,0,0,0,0,0,0,1,,,5.0
441,2,3.0,1.0,3,3,,2,2,0,1,0,1,1,1,1,1,1,1,1,0,0,1,,,4.0
442,3,5.0,1.0,2,3,2,3,2,0,1,0,0,1,0,0,0,0,0,1,0,0,0,2.0,2,5.0
443,3,5.0,4.0,2,3,3,3,3,0,0,0,1,0,0,0,0,0,1,0,0,0,0,2.0,3,8.0
444,2,3.0,4.0,3,3,3,2,3,1,1,0,0,0,0,0,0,0,0,1,0,0,1,3.0,3,7.0
445,3,5.0,6.0,1,3,,3,3,0,1,0,0,0,0,0,0,0,0,0,0,0,0,,,1.0
446,2,7.0,6.0,1,3,,3,3,0,0,0,0,0,0,0,0,0,0,0,1,0,0,,,5.0
447,3,5.0,9.0,3,3,2,3,3,0,0,1,0,0,0,0,0,0,0,0,0,0,0,2.0,3,5.0
448,3,7.0,7.0,2,3,,3,3,0,0,0,0,0,0,0,0,0,0,0,1,0,0,,,7.0
449,2,7.0,4.0,3,3,,2,3,0,0,0,0,0,0,0,0,0,0,0,1,0,1,,,7.0
450,3,2.0,4.0,3,3,,3,3,0,0,0,0,0,0,0,0,0,0,0,1,0,0,,,1.0
451,3,7.0,4.0,2,3,,3,3,0,0,0,0,0,0,0,0,0,0,0,1,0,0,,,6.0
452,2,6.0,6.0,2,3,,3,3,0,0,1,1,0,0,0,0,0,0,0,0,0,0,,,5.0
453,2,3.0,4.0,2,3,,3,3,0,0,0,0,0,0,0,0,0,0,0,1,0,0,,,5.0
454,2,3.0,1.0,3,3,,1,3,0,0,0,0,0,0,0,0,0,0,0,1,0,0,,,6.0
455,3,3.0,3.0,3,3,,3,3,0,0,0,0,0,0,0,0,0,0,0,1,0,0,,,7.0
456,3,3.0,1.0,3,3,,,,0,0,0,0,0,0,0,0,0,0,0,0,0,0,,,5.0
457,2,7.0,4.0,3,3,,3,3,0,0,0,0,0,0,0,0,0,0,0,1,0,0,,,4.0
458,2,4.0,5.0,3,3,,2,3,0,0,0,1,0,0,0,0,0,0,0,0,0,1,,,4.0
459,3,3.0,6.0,3,3,,,,0,0,0,0,0,0,0,0,0,0,0,0,0,0,,,5.0
460,3,3.0,7.0,2,5,2,3,2,0,0,0,1,1,1,0,0,1,0,0,0,0,0,2.0,3,6.0
461,3,3.0,3.0,3,5,,3,3,1,0,0,1,0,0,0,0,1,0,0,0,0,0,,,4.0
462,3,3.0,6.0,3,4,2,3,1,1,0,0,1,0,0,0,0,0,0,0,0,0,0,2.0,3,4.0
463,2,1.0,5.0,2,5,,,,0,0,0,0,0,0,0,0,0,0,0,0,0,0,,,5.0
464,2,3.0,3.0,3,5,2,2,2,1,0,0,1,0,0,0,0,0,0,0,0,0,1,3.0,3,4.0
465,3,3.0,3.0,3,5,3,2,3,0,1,1,1,0,0,0,0,0,0,0,0,0,1,2.0,3,1.0
466,2,3.0,3.0,3,5,2,3,3,1,0,0,1,1,0,0,0,0,0,0,0,0,0,2.0,3,5.0
467,3,3.0,8.0,3,3,3,2,3,0,0,0,1,0,0,0,0,0,0,0,0,0,1,3.0,3,7.0
468,3,2.0,4.0,3,5,3,2,3,1,1,0,1,1,0,0,0,1,1,1,0,0,1,2.0,3,4.0
469,2,2.0,5.0,2,3,3,3,2,1,1,0,1,0,1,0,0,0,1,1,0,0,0,2.0,3,5.0
470,2,5.0,6.0,3,4,2,2,3,1,0,0,0,0,0,0,0,0,0,0,0,0,1,4.0,3,2.0
471,2,3.0,3.0,3,3,2,2,3,1,0,0,1,1,0,0,0,0,0,0,0,0,1,3.0,2,3.0
472,2,2.0,1.0,3,3,3,2,3,1,0,0,1,0,0,0,0,0,0,0,0,0,1,2.0,3,4.0
473,3,3.0,6.0,3,5,3,3,3,0,0,0,1,0,0,0,0,0,0,0,0,1,0,4.0,3,2.0
474,3,2.0,6.0,3,5,3,2,2,1,0,0,1,0,0,0,0,0,0,0,0,0,1,3.0,3,5.0
475,2,3.0,6.0,3,3,3,3,3,1,0,1,1,0,1,0,0,0,0,0,0,0,0,2.0,3,1.0
476,2,3.0,3.0,3,6,3,2,3,0,1,0,1,0,0,0,0,0,0,0,0,0,1,2.0,3,5.0
477,2,1.0,6.0,3,5,,2,3,0,1,0,1,1,0,0,0,0,0,0,0,0,1,,,5.0
478,3,3.0,6.0,2,3,3,3,3,1,1,0,1,0,0,0,0,0,0,0,0,0,0,2.0,3,1.0
479,3,3.0,3.0,3,6,3,2,3,0,0,0,0,0,0,0,0,1,0,0,0,0,1,2.0,3,4.0
480,2,7.0,5.0,3,3,,3,3,0,0,0,0,0,0,0,0,0,0,1,0,0,0,,,3.0
481,3,3.0,4.0,3,3,3,2,3,1,0,0,1,1,0,0,0,0,0,0,0,0,1,2.0,3,5.0
482,3,3.0,3.0,3,3,2,3,3,0,0,0,1,1,0,0,0,0,0,0,0,0,0,2.0,3,5.0
483,3,3.0,3.0,3,3,2,3,3,1,1,0,1,1,0,0,0,0,0,0,0,0,0,3.0,3,4.0
484,2,3.0,3.0,3,3,2,3,2,0,1,0,1,0,1,0,0,1,1,1,0,0,0,3.0,2,4.0
485,2,3.0,3.0,3,3,3,3,2,1,1,0,1,1,1,0,0,1,1,0,0,0,0,2.0,3,3.0
486,2,3.0,3.0,3,3,,,,0,0,0,0,0,0,0,0,0,0,0,0,0,0,,,4.0
487,3,2.0,1.0,3,3,2,3,2,1,0,0,1,0,0,0,0,0,0,0,0,0,0,2.0,3,5.0
488,3,3.0,4.0,3,3,2,2,2,0,0,0,1,0,0,0,0,0,0,1,0,0,1,3.0,3,5.0
489,2,2.0,6.0,3,1,2,2,3,0,0,0,1,0,0,0,0,0,0,0,0,0,1,3.0,3,1.0
490,3,3.0,6.0,3,3,3,2,3,0,0,0,1,0,0,0,0,0,0,0,0,0,1,2.0,3,4.0
491,2,2.0,4.0,3,5,2,3,3,0,0,0,1,0,0,0,0,0,0,0,0,0,0,3.0,2,4.0
492,3,3.0,3.0,3,3,2,2,2,1,0,0,1,0,0,0,0,0,0,0,0,0,1,2.0,3,4.0
493,3,3.0,3.0,3,5,2,2,3,1,0,0,0,0,0,0,0,0,0,0,0,0,1,3.0,2,4.0
494,2,3.0,1.0,3,1,2,3,3,1,0,0,1,0,0,0,0,0,0,0,0,0,0,3.0,3,1.0
495,3,3.0,1.0,2,5,,,,0,0,0,0,0,0,0,0,0,0,0,0,0,0,,,4.0
496,3,3.0,3.0,3,5,3,2,3,1,1,0,1,0,0,0,0,0,0,0,0,0,1,2.0,3,4.0
497,2,3.0,4.0,3,1,2,3,3,1,0,0,1,0,0,0,0,0,0,0,0,0,0,2.0,3,4.0
498,2,2.0,6.0,3,3,3,2,3,1,0,0,1,1,1,1,0,0,1,1,0,0,1,2.0,3,4.0
499,3,3.0,3.0,3,3,3,3,2,0,1,0,1,0,0,0,0,0,0,0,0,0,0,2.0,3,6.0
500,2,1.0,1.0,1,3,,3,3,0,0,0,0,0,0,0,0,0,0,0,1,0,0,,,1.0
501,2,5.0,7.0,3,3,,3,3,0,0,0,0,0,0,0,0,0,0,0,1,0,0,,,7.0
502,2,5.0,3.0,3,3,3,3,3,0,1,1,1,0,0,0,0,1,1,1,0,0,0,2.0,3,5.0
503,3,3.0,3.0,3,3,2,3,1,0,0,0,0,0,0,0,0,0,0,0,1,0,0,2.0,3,4.0
504,2,3.0,5.0,3,5,,3,2,0,0,0,0,0,0,0,0,0,0,0,1,0,0,,,4.0
505,2,5.0,6.0,3,6,3,2,3,0,1,0,1,0,0,0,0,1,0,1,0,0,1,3.0,3,4.0
506,2,5.0,7.0,2,3,3,3,3,0,0,0,1,0,0,0,0,0,0,0,1,0,0,2.0,3,7.0
507,3,5.0,1.0,3,5,,3,3,0,0,0,0,0,0,0,0,0,0,0,1,0,0,,,7.0
508,3,2.0,4.0,3,6,,3,3,0,0,0,0,1,0,1,0,0,1,1,0,0,0,,,4.0
509,3,3.0,6.0,2,3,,3,3,0,1,0,1,0,0,0,0,0,0,0,0,0,0,,,5.0
510,2,7.0,1.0,2,5,,3,3,0,0,0,0,0,0,0,0,0,0,0,1,0,0,,,9.0
511,2,3.0,5.0,2,3,,3,3,0,0,0,0,0,0,0,0,0,0,0,1,0,0,,,6.0
512,2,5.0,1.0,3,3,3,2,3,0,1,0,0,0,0,0,0,0,0,0,0,1,1,2.0,3,4.0
513,2,1.0,1.0,3,3,,3,3,0,0,0,0,0,0,0,0,0,0,0,1,0,0,,,4.0
514,3,5.0,6.0,2,5,,3,3,0,0,0,0,0,0,0,0,0,0,0,1,0,0,,,7.0
515,2,5.0,5.0,3,6,3,3,3,0,0,0,0,0,0,0,0,0,0,1,0,1,0,2.0,3,5.0
516,2,5.0,5.0,2,3,3,2,3,0,1,0,0,0,0,0,0,0,0,0,0,0,1,2.0,3,7.0
517,2,5.0,3.0,2,3,,2,3,0,0,0,0,0,0,0,0,0,0,0,1,0,1,,,7.0
518,2,3.0,4.0,2,3,2,3,3,1,0,1,1,0,0,0,0,0,0,0,0,0,0,2.0,3,6.0
519,2,3.0,6.0,2,3,3,2,3,0,0,0,1,0,0,0,0,0,0,0,0,0,1,2.0,3,5.0
520,2,2.0,4.0,3,3,,3,3,0,0,0,0,0,0,0,0,0,0,0,1,0,0,,,5.0
521,3,3.0,4.0,3,5,3,3,3,0,0,0,1,0,0,0,0,0,0,0,0,0,0,2.0,3,7.0
522,2,5.0,5.0,1,3,,,,0,0,0,0,0,0,0,0,0,0,0,0,0,0,,,5.0
523,2,5.0,4.0,3,3,,2,3,0,0,0,0,0,0,0,0,0,0,0,1,0,1,,,7.0
524,2,3.0,3.0,2,3,2,3,3,0,0,1,1,0,0,0,0,0,0,0,0,0,0,2.0,2,6.0
525,3,3.0,4.0,3,3,2,3,3,0,0,0,1,0,0,0,0,0,0,0,0,0,0,2.0,3,5.0
526,3,2.0,1.0,2,5,3,3,3,1,1,0,1,0,0,0,0,0,0,0,0,0,0,2.0,3,4.0
527,2,3.0,3.0,3,5,3,2,3,0,0,0,1,0,0,0,0,0,0,0,0,0,1,2.0,3,4.0
528,3,3.0,6.0,2,5,3,2,3,1,0,1,1,1,0,0,0,0,0,0,0,0,1,2.0,3,5.0
529,2,5.0,5.0,3,3,3,2,2,0,1,1,1,1,0,0,0,1,0,0,0,0,1,2.0,3,4.0
530,3,3.0,6.0,2,3,2,3,3,1,0,1,1,1,0,0,0,1,0,1,0,0,0,2.0,2,4.0
531,3,6.0,7.0,3,3,3,3,3,1,0,0,1,0,0,0,0,0,0,0,0,0,0,2.0,3,5.0
532,2,3.0,4.0,3,5,3,3,3,0,1,0,1,0,0,0,0,0,0,0,0,0,0,2.0,3,6.0
533,3,5.0,1.0,3,3,2,3,2,1,1,0,0,0,0,0,0,0,0,0,0,1,0,2.0,3,5.0
534,2,3.0,6.0,3,3,2,2,3,1,1,0,0,0,0,0,0,0,0,1,0,0,1,2.0,3,4.0
535,2,5.0,1.0,3,3,3,3,3,1,1,1,1,0,0,0,0,1,0,0,0,0,0,2.0,3,7.0
536,3,3.0,4.0,3,3,3,3,2,1,0,1,0,1,0,0,1,0,0,0,0,0,0,2.0,3,5.0
537,3,3.0,1.0,3,3,3,2,3,0,0,0,1,0,0,0,0,0,0,0,0,0,1,2.0,3,2.0
538,2,5.0,7.0,2,2,2,2,3,0,0,0,1,0,1,0,0,0,0,1,0,0,1,2.0,3,5.0
539,3,5.0,1.0,3,3,,,,0,0,0,0,0,0,0,0,0,0,0,0,0,0,,,5.0
540,2,3.0,5.0,3,5,3,3,3,1,0,0,1,0,0,0,0,0,0,0,0,0,0,2.0,3,5.0
541,3,3.0,3.0,3,3,2,3,2,0,0,0,1,0,0,0,0,1,0,0,0,0,0,2.0,3,4.0
542,2,3.0,6.0,3,3,3,3,3,0,1,0,1,0,0,0,0,0,1,1,0,0,0,2.0,3,4.0
543,3,3.0,7.0,2,1,3,2,2,0,0,0,1,0,0,0,0,0,0,0,0,0,1,2.0,3,5.0
544,2,3.0,3.0,3,3,3,2,3,1,1,1,1,1,0,0,0,0,0,1,0,0,1,2.0,3,6.0
545,3,3.0,6.0,2,4,,3,3,0,1,0,1,1,0,0,0,0,0,0,0,0,0,,,6.0
546,3,5.0,1.0,3,3,2,2,2,1,0,0,1,1,0,0,0,0,0,0,0,0,1,2.0,3,6.0
547,2,3.0,7.0,3,5,3,3,3,0,0,0,1,0,0,0,0,0,0,0,0,0,0,2.0,3,5.0
548,3,3.0,6.0,2,3,,2,3,1,1,0,1,0,0,0,0,0,0,0,0,0,1,,,1.0
549,3,5.0,3.0,3,3,3,2,3,0,0,0,1,0,0,0,0,0,0,0,0,0,1,2.0,3,2.0
550,3,5.0,7.0,3,3,3,3,3,0,0,0,0,0,0,0,0,0,0,1,0,1,0,2.0,3,4.0
551,2,3.0,3.0,3,5,2,3,3,1,0,0,1,0,0,0,0,0,0,0,0,0,0,2.0,3,4.0
552,3,3.0,7.0,3,5,3,3,3,0,0,0,1,1,0,0,0,0,0,1,0,0,0,2.0,3,5.0
553,3,3.0,3.0,3,3,2,2,3,0,0,0,1,0,0,0,0,0,0,0,0,0,1,2.0,3,4.0
554,3,5.0,1.0,3,5,2,2,3,1,0,0,1,0,0,0,0,0,0,0,0,0,1,2.0,3,5.0
555,2,3.0,3.0,3,4,,2,3,0,0,0,1,1,1,0,0,0,1,1,0,0,1,,,3.0
556,3,2.0,1.0,3,3,2,2,3,1,0,0,0,0,0,0,0,0,0,0,0,1,1,4.0,3,4.0
557,2,3.0,5.0,3,5,2,2,3,1,0,1,1,0,0,0,0,0,0,0,0,0,1,2.0,3,5.0
558,2,3.0,3.0,3,6,2,3,3,1,1,0,1,0,0,0,0,0,0,1,0,0,0,2.0,3,5.0
559,2,3.0,6.0,3,4,2,3,2,0,0,0,1,1,1,1,0,0,1,1,0,0,0,2.0,2,4.0
560,3,3.0,6.0,3,3,3,2,3,0,1,0,1,0,0,0,0,0,0,1,0,0,1,2.0,3,4.0
561,,3.0,4.0,3,3,,3,3,0,0,0,0,1,0,0,0,0,0,0,0,0,0,,,2.0
562,2,5.0,1.0,3,5,3,3,3,0,0,0,1,1,0,0,0,1,0,0,0,0,0,2.0,3,4.0
563,2,3.0,5.0,3,3,3,3,3,0,0,0,0,0,0,0,0,0,0,0,0,1,0,3.0,3,5.0
564,2,3.0,3.0,3,3,3,3,3,0,1,0,1,1,1,0,0,0,1,1,0,0,0,2.0,3,4.0
565,2,3.0,4.0,3,5,2,2,3,1,0,0,1,0,0,0,0,0,0,0,0,0,1,2.0,3,5.0
566,3,2.0,7.0,3,5,3,1,2,0,0,0,0,0,0,0,0,0,0,0,0,1,0,2.0,3,6.0
567,3,2.0,6.0,3,6,2,2,3,0,1,0,1,1,0,0,0,1,0,1,0,0,1,2.0,3,3.0
568,3,2.0,1.0,2,3,,,,0,0,0,0,0,0,0,0,0,0,0,0,0,0,,,5.0
569,2,3.0,4.0,3,3,,2,3,0,0,0,0,1,0,0,0,0,0,0,0,0,1,,,4.0
570,3,2.0,2.0,3,6,3,3,2,0,0,0,1,0,0,0,0,0,0,0,0,0,0,2.0,3,3.0
571,3,3.0,6.0,3,3,,3,3,1,1,0,1,0,0,0,0,0,0,0,0,0,0,,,5.0
572,2,3.0,4.0,3,5,3,3,3,1,0,0,1,0,0,0,0,0,0,0,0,0,0,2.0,3,4.0
573,3,3.0,4.0,3,4,2,3,3,1,0,0,1,0,0,0,0,1,0,0,0,0,0,4.0,3,6.0
574,2,3.0,5.0,2,6,,3,3,1,0,1,1,1,0,0,0,0,1,1,0,0,0,,,4.0
575,2,2.0,6.0,3,3,3,2,3,0,0,0,1,1,0,0,0,0,0,0,0,0,1,2.0,3,5.0
576,2,3.0,6.0,3,3,3,3,3,0,1,1,0,0,0,0,0,0,0,0,0,0,0,3.0,3,1.0
577,2,2.0,2.0,3,5,3,3,2,1,0,0,1,0,1,1,0,1,0,0,0,0,0,2.0,3,5.0
578,2,2.0,1.0,3,6,,3,2,1,0,0,1,0,0,0,0,0,0,0,1,0,0,,,4.0
579,3,3.0,6.0,2,5,,3,3,0,1,1,0,1,0,0,0,1,1,0,0,0,0,,,4.0
580,2,3.0,3.0,2,6,2,2,3,0,0,0,1,1,0,0,0,0,0,0,0,0,1,2.0,3,5.0
581,2,3.0,5.0,3,4,2,3,3,1,1,0,1,0,1,1,0,1,0,1,0,0,0,2.0,3,5.0
582,3,3.0,3.0,2,3,3,3,3,0,0,1,0,0,0,0,0,0,0,0,0,0,0,2.0,3,4.0
583,2,3.0,3.0,3,2,,3,3,0,0,0,0,0,0,0,0,0,0,0,1,1,0,,,4.0
584,3,3.0,6.0,3,5,,,,0,0,0,0,0,0,0,0,0,0,0,0,0,0,,,3.0
585,2,3.0,4.0,3,6,3,3,3,0,0,0,1,0,0,0,0,0,0,1,0,0,0,2.0,3,3.0
586,2,3.0,7.0,3,6,,3,3,0,0,0,1,1,0,0,0,0,0,0,0,0,0,,,4.0
587,3,3.0,1.0,3,5,,1,3,0,0,0,0,0,0,0,0,0,0,0,1,0,0,,,4.0
588,2,2.0,5.0,3,3,,3,3,0,0,0,0,0,0,0,0,0,0,0,1,0,0,,,5.0
589,3,3.0,7.0,3,2,,3,3,0,0,0,0,0,0,0,0,0,0,0,1,0,0,,,5.0
590,2,5.0,1.0,2,3,,3,2,0,0,0,0,0,0,0,0,0,0,1,0,0,0,,,5.0
591,2,5.0,5.0,3,2,,3,3,0,1,1,1,0,0,0,0,0,1,1,0,0,0,,,4.0
592,3,3.0,1.0,3,5,,3,3,0,0,0,0,0,0,0,0,0,0,0,1,0,0,,,2.0
593,2,2.0,6.0,3,5,3,3,3,0,0,0,0,0,0,0,0,1,0,0,0,0,0,2.0,3,5.0
594,2,2.0,3.0,3,5,,2,3,0,0,0,0,0,0,0,0,0,0,0,1,0,1,,,3.0
595,3,3.0,3.0,2,2,,3,3,0,0,0,0,0,0,0,0,0,0,0,1,0,0,,,7.0
596,3,5.0,6.0,3,3,,3,3,0,0,0,0,0,0,0,0,0,0,0,0,1,0,,,5.0
597,2,5.0,6.0,3,3,3,3,3,0,1,0,0,0,0,0,0,0,0,1,0,0,0,2.0,3,6.0
598,2,3.0,4.0,2,3,,3,3,0,0,0,0,0,0,0,0,0,0,0,0,1,0,,,6.0
599,3,7.0,9.0,2,3,,3,3,0,0,0,0,0,0,0,0,0,0,0,1,0,0,,,5.0
600,2,3.0,4.0,3,3,,3,3,0,0,0,0,0,0,0,0,0,0,0,1,0,0,,,8.0
601,2,7.0,6.0,3,5,,3,3,0,0,0,0,0,0,0,0,0,0,0,0,1,0,,,7.0
602,2,5.0,6.0,3,3,,3,3,0,0,0,0,0,0,0,0,0,0,0,1,0,0,,,5.0
603,2,,,1,3,,3,3,0,0,0,0,0,0,0,0,0,0,0,1,0,0,,,5.0
604,3,7.0,6.0,3,3,,3,1,0,0,0,0,0,0,0,0,0,0,0,0,1,0,,,7.0
605,2,3.0,4.0,2,3,,2,3,0,0,0,0,0,0,0,0,0,0,0,1,0,1,,,7.0
606,2,5.0,4.0,3,3,,2,3,0,0,0,1,0,1,0,0,0,0,1,0,0,1,,,1.0
607,3,7.0,9.0,3,3,,3,3,0,0,0,0,0,0,0,0,0,0,0,1,0,0,,,7.0
608,2,7.0,8.0,2,3,,2,3,0,0,0,0,0,0,0,0,0,0,0,1,0,1,,,7.0
609,2,7.0,3.0,3,4,,3,3,0,0,0,0,0,0,0,0,0,0,0,1,0,0,,,5.0
610,2,3.0,1.0,3,6,3,3,3,0,0,0,1,0,0,0,0,0,0,0,0,0,0,2.0,3,3.0
611,2,4.0,4.0,3,1,3,3,3,0,0,1,1,1,0,0,0,0,0,1,0,0,0,2.0,3,4.0
612,2,3.0,3.0,3,3,2,3,3,0,0,0,1,0,0,0,0,0,0,0,0,0,0,2.0,3,4.0
613,2,2.0,2.0,3,3,2,3,3,0,1,1,1,0,1,0,0,0,1,1,0,0,0,3.0,3,4.0
614,2,2.0,5.0,3,3,3,2,3,0,0,1,1,0,0,0,0,0,0,0,0,0,1,2.0,3,1.0
615,2,3.0,5.0,3,5,3,3,3,1,0,1,1,0,0,0,0,0,0,1,0,0,0,3.0,3,2.0
616,2,5.0,5.0,3,3,,,,0,0,0,0,0,0,0,0,0,0,0,0,0,0,,,1.0
617,2,3.0,3.0,3,5,3,3,3,1,1,1,1,0,0,0,0,0,0,0,0,0,0,3.0,3,4.0
618,3,3.0,3.0,3,5,3,3,3,0,1,0,0,0,0,0,0,0,0,1,0,0,0,2.0,3,5.0
619,2,3.0,5.0,3,6,,1,3,0,0,0,0,0,0,0,0,0,0,0,1,0,0,,,6.0
620,3,3.0,1.0,3,3,,3,3,0,0,0,0,1,0,0,0,0,0,0,0,0,0,,,4.0
621,2,3.0,4.0,3,6,,3,3,0,0,0,0,0,0,0,0,0,0,0,1,1,0,,,5.0
622,2,3.0,7.0,3,3,,3,3,0,1,1,1,1,0,0,0,0,0,0,0,0,0,,,4.0
623,2,5.0,6.0,2,5,,3,3,0,0,0,0,0,0,0,0,0,0,1,0,0,0,,,6.0
624,2,5.0,5.0,3,3,,,,0,0,0,0,0,0,0,0,0,0,0,0,0,0,,,5.0
625,3,5.0,7.0,3,3,,3,3,0,0,0,0,0,0,0,0,0,0,0,1,0,0,,,5.0
626,3,7.0,6.0,2,3,,3,3,0,0,0,0,0,0,0,0,0,0,0,1,0,0,,,6.0
627,3,3.0,4.0,2,1,,3,3,0,0,0,0,0,0,0,0,0,0,0,0,1,0,,,4.0
628,3,7.0,7.0,2,3,,2,3,0,0,0,0,0,0,0,0,0,0,0,1,0,1,,,8.0
629,2,3.0,4.0,3,3,,3,3,0,0,0,0,0,0,0,0,0,0,0,0,1,0,,,5.0
630,2,3.0,4.0,3,3,,3,3,0,0,0,0,0,0,0,0,0,0,0,1,0,0,,,5.0
631,2,5.0,3.0,3,3,,3,3,0,0,0,0,0,0,0,0,0,0,0,1,0,0,,,5.0
632,3,7.0,7.0,3,6,3,3,3,0,0,0,1,0,0,0,0,0,0,0,0,0,0,2.0,3,7.0
633,3,3.0,4.0,3,3,,2,3,0,0,0,0,0,0,0,0,0,0,0,1,0,1,,,4.0
634,3,5.0,7.0,3,3,,3,3,0,0,0,1,0,0,0,0,0,1,1,0,0,0,,,7.0
635,3,5.0,6.0,3,3,,2,3,0,0,0,0,1,0,0,0,0,0,0,0,0,1,,,8.0
636,2,5.0,3.0,3,6,3,3,3,0,0,0,1,0,0,0,0,0,0,0,0,0,0,2.0,3,6.0
637,3,3.0,3.0,3,6,2,3,3,0,0,0,1,0,0,0,0,0,0,0,0,0,0,2.0,2,5.0
638,3,7.0,6.0,3,1,,3,3,0,0,0,0,0,0,0,0,0,0,0,1,0,0,,,1.0
639,2,3.0,5.0,3,3,3,3,3,0,1,1,1,1,1,0,0,0,0,1,0,0,0,2.0,3,6.0
640,3,5.0,6.0,3,6,3,3,3,0,1,0,0,0,0,0,0,0,0,1,0,1,0,2.0,3,4.0
641,3,3.0,4.0,3,3,3,3,3,0,1,0,1,0,0,0,0,0,0,1,0,0,0,2.0,3,5.0
642,2,3.0,3.0,3,5,,2,3,0,0,0,0,0,0,0,0,0,0,0,1,0,1,,,4.0
643,3,3.0,3.0,3,3,3,1,3,0,1,0,0,0,0,0,0,0,0,0,0,0,0,2.0,3,4.0
644,3,5.0,1.0,3,6,,3,3,0,1,0,0,0,0,0,0,0,0,1,0,0,0,,,5.0
645,2,7.0,1.0,3,3,,2,2,0,0,0,0,0,0,0,0,0,0,0,1,0,1,,,5.0
646,2,7.0,8.0,2,6,,3,3,0,0,0,0,0,0,0,0,0,0,0,1,0,0,,,1.0
647,2,7.0,1.0,3,3,3,3,3,1,1,1,1,0,0,0,0,0,0,0,0,0,0,2.0,3,4.0
648,3,3.0,4.0,3,3,,2,3,0,0,0,1,0,0,0,0,0,0,0,0,0,1,,,5.0
649,2,5.0,8.0,2,3,,3,3,0,0,1,1,0,0,0,0,0,0,0,0,0,0,,,6.0
650,2,5.0,1.0,2,3,,3,3,0,0,0,0,0,0,0,0,0,0,0,1,0,0,,,5.0
651,3,5.0,6.0,2,3,,3,3,0,0,0,0,0,0,0,0,0,0,0,1,0,0,,,5.0
652,3,7.0,4.0,3,6,2,3,3,0,0,1,0,1,0,0,0,0,0,0,0,0,0,2.0,3,5.0
653,3,5.0,1.0,3,3,,3,3,0,0,0,0,0,0,0,0,0,0,0,1,0,0,,,6.0
654,3,1.0,1.0,2,3,,3,1,0,0,0,0,0,0,0,0,0,0,0,1,0,0,,,5.0
655,2,2.0,5.0,3,1,,3,3,0,0,0,0,0,0,0,0,0,0,0,1,0,0,,,1.0
656,2,5.0,8.0,2,3,2,2,3,0,0,0,0,0,0,0,0,0,0,0,0,1,1,2.0,3,7.0
657,2,7.0,4.0,2,3,,3,3,0,0,0,0,0,0,0,0,0,0,0,1,0,0,,,1.0
658,2,2.0,2.0,3,5,3,1,3,0,0,0,1,0,0,0,0,0,0,0,0,0,0,2.0,3,4.0
659,3,2.0,1.0,3,3,2,2,3,0,1,0,0,0,0,0,0,0,0,0,0,0,1,2.0,3,5.0
660,2,5.0,9.0,2,3,3,3,3,0,0,0,1,1,0,0,0,0,0,0,0,0,0,2.0,3,7.0
661,3,3.0,3.0,3,3,3,2,3,1,1,1,1,1,0,0,0,1,0,1,0,0,1,2.0,3,4.0
662,3,3.0,4.0,3,3,,,,0,0,0,0,0,0,0,0,0,0,0,0,0,0,,,5.0
663,3,2.0,3.0,2,3,3,2,2,1,1,0,1,1,0,0,0,0,0,1,0,0,1,2.0,3,5.0
664,2,3.0,5.0,3,3,3,3,3,1,1,0,1,0,0,0,0,0,0,0,0,0,0,3.0,3,3.0
665,2,3.0,6.0,3,3,3,3,3,0,0,0,0,0,0,0,0,0,0,0,0,1,0,2.0,3,4.0
666,2,3.0,6.0,3,3,1,2,3,0,0,1,1,1,0,0,1,1,0,0,0,0,1,2.0,3,5.0
667,2,3.0,6.0,3,3,3,3,3,0,0,0,0,0,0,0,0,0,0,0,0,1,0,2.0,3,3.0
668,3,2.0,2.0,3,3,,,,0,0,0,0,0,0,0,0,0,0,0,0,0,0,,,5.0
669,3,5.0,6.0,3,3,3,2,3,0,0,0,1,0,1,0,0,0,1,1,0,0,1,2.0,3,5.0
670,3,5.0,6.0,3,3,3,2,3,1,0,0,1,0,0,0,0,0,0,0,0,0,1,2.0,3,5.0
671,2,2.0,1.0,2,3,2,3,2,1,1,1,1,0,0,0,0,0,1,1,0,0,0,2.0,3,4.0
672,2,3.0,1.0,3,5,3,3,3,1,1,1,1,1,0,0,1,0,0,0,0,0,0,2.0,3,5.0
673,2,5.0,4.0,3,3,2,2,3,1,1,1,1,1,0,0,0,0,0,0,1,0,1,2.0,3,7.0
674,2,5.0,1.0,3,3,3,3,3,0,0,1,0,1,0,0,0,0,0,0,0,0,0,2.0,3,6.0
675,2,3.0,4.0,3,3,3,2,3,0,0,0,1,0,0,0,0,0,0,0,0,0,1,2.0,3,6.0
676,2,3.0,6.0,3,3,2,2,3,0,1,0,1,1,1,0,0,0,0,0,0,0,1,2.0,3,5.0
677,2,2.0,3.0,2,3,,3,3,1,0,1,1,1,0,0,0,0,0,0,0,0,0,,,7.0
678,2,3.0,5.0,3,3,1,2,1,0,1,0,0,1,0,0,0,0,0,0,0,0,1,2.0,3,1.0
679,3,5.0,7.0,2,3,3,3,3,0,0,0,0,1,0,0,0,0,0,0,1,0,0,2.0,3,1.0
680,3,3.0,3.0,3,3,2,3,2,1,0,0,0,0,0,0,0,0,0,0,0,0,0,2.0,3,5.0
681,2,3.0,3.0,3,3,3,3,3,0,0,0,1,0,0,0,0,0,0,0,0,0,0,2.0,3,1.0
682,2,2.0,1.0,1,3,3,2,3,1,0,0,1,0,0,0,0,0,0,0,0,0,1,2.0,3,5.0
683,2,3.0,1.0,3,3,,2,3,0,0,0,1,0,0,0,0,0,0,1,0,0,1,,,2.0
684,2,2.0,4.0,3,3,3,2,3,1,1,0,0,0,0,0,0,0,0,1,0,0,1,3.0,3,4.0
685,2,5.0,5.0,3,3,3,3,2,0,1,0,1,0,1,0,1,0,0,0,0,0,0,3.0,3,4.0
686,3,3.0,3.0,3,3,3,3,3,0,1,0,1,0,0,0,0,1,0,1,0,0,0,2.0,3,4.0
687,2,3.0,5.0,3,3,3,3,3,1,0,0,0,0,0,0,0,0,0,0,0,0,0,2.0,3,6.0
688,2,3.0,6.0,2,1,3,3,3,1,0,0,1,0,0,0,0,0,0,0,0,0,0,2.0,3,6.0
689,2,5.0,6.0,3,3,,3,3,0,1,0,0,0,0,0,0,1,0,0,0,0,0,,,6.0
690,3,3.0,6.0,2,3,,3,2,0,1,0,1,0,0,0,0,0,0,0,0,0,0,,,6.0
691,3,3.0,1.0,3,3,2,3,3,0,0,0,1,0,0,0,0,0,0,0,0,0,0,2.0,2,4.0
692,2,5.0,7.0,2,3,,,,0,0,0,0,0,0,0,0,0,0,0,0,0,0,,,1.0
693,2,1.0,5.0,3,3,3,2,3,1,1,0,1,0,0,0,0,0,0,0,0,0,1,2.0,3,1.0
694,3,3.0,3.0,3,3,3,3,3,0,0,0,1,1,1,0,0,1,0,1,0,0,0,3.0,3,4.0
695,2,3.0,7.0,3,3,3,2,3,1,1,1,1,1,1,0,0,0,0,1,0,0,1,4.0,3,4.0
696,3,3.0,6.0,2,3,3,3,2,1,0,0,1,1,0,0,0,0,0,0,0,0,0,2.0,3,1.0
697,3,3.0,6.0,2,3,,2,3,0,0,0,1,0,0,0,0,1,0,0,0,0,1,,,3.0
698,2,2.0,6.0,3,3,2,2,3,1,1,0,1,0,0,0,0,0,0,1,0,0,1,3.0,3,4.0
699,3,3.0,3.0,3,3,2,2,3,0,0,1,1,1,0,0,0,0,0,1,0,0,1,2.0,2,8.0
700,3,3.0,6.0,3,3,3,3,3,0,0,0,1,1,1,0,0,0,0,0,0,0,0,2.0,3,6.0
701,2,3.0,4.0,3,3,,3,3,0,0,0,0,0,0,0,0,0,0,0,0,1,0,,,4.0
702,3,3.0,7.0,2,3,,,,0,0,0,0,0,0,0,0,0,0,0,0,0,0,,,7.0
703,3,2.0,2.0,3,5,,3,3,1,0,0,0,0,0,0,0,0,0,0,0,0,0,,,4.0
704,2,3.0,6.0,3,3,,3,3,0,0,0,0,1,0,0,0,0,0,1,0,0,0,,,5.0
705,3,3.0,7.0,2,5,3,3,3,1,0,0,1,0,0,0,0,0,0,0,0,0,0,2.0,3,1.0
706,2,5.0,3.0,3,3,3,2,3,0,0,0,1,1,1,0,0,0,0,1,0,0,1,2.0,3,4.0
707,2,2.0,4.0,3,3,2,3,3,1,0,0,1,0,0,0,0,0,0,0,0,0,0,2.0,3,5.0
708,2,3.0,4.0,2,3,,3,2,0,0,0,0,0,0,0,0,0,0,0,0,1,0,,,5.0
709,2,3.0,4.0,2,3,,3,2,0,1,0,1,1,0,1,0,1,1,1,0,0,0,,,5.0
710,2,3.0,3.0,3,3,3,2,3,0,0,0,1,0,0,0,0,0,0,1,0,0,1,3.0,3,5.0
711,2,3.0,4.0,3,3,2,3,2,1,1,0,1,0,0,0,0,0,0,0,0,0,0,3.0,2,5.0
712,3,3.0,6.0,3,3,2,2,3,1,0,0,1,0,0,0,0,0,0,0,0,0,1,2.0,3,4.0
713,3,3.0,3.0,3,3,,,,0,0,0,0,0,0,0,0,0,0,0,0,0,0,,,5.0
714,3,2.0,2.0,3,3,3,2,3,1,0,0,1,0,0,0,0,0,0,0,0,0,1,2.0,3,5.0
715,3,5.0,1.0,3,5,2,3,3,0,0,0,1,0,0,0,0,0,0,0,0,0,0,2.0,3,5.0
716,2,2.0,4.0,3,5,,3,3,0,1,0,1,0,0,0,0,0,0,0,0,0,0,,,6.0
717,2,2.0,4.0,3,5,2,3,2,0,1,0,0,0,1,0,0,1,0,1,0,0,0,1.0,2,4.0
718,3,3.0,8.0,3,3,,3,3,0,0,0,1,1,0,0,0,1,0,0,0,0,0,,,4.0
719,2,7.0,7.0,2,3,3,3,2,1,0,0,1,1,0,0,0,0,0,0,0,0,0,3.0,3,5.0
720,2,7.0,7.0,3,3,2,2,3,0,1,0,1,1,1,0,0,0,0,0,0,0,1,2.0,3,1.0
721,2,3.0,7.0,3,3,2,3,2,1,0,0,1,1,0,0,0,0,0,0,0,0,0,3.0,2,4.0
722,2,2.0,4.0,3,6,3,2,2,0,1,0,1,0,0,0,0,0,0,1,0,0,1,3.0,3,5.0
723,3,,,1,3,3,2,3,0,1,0,1,0,0,0,0,0,0,0,0,0,1,3.0,3,4.0
724,3,3.0,6.0,3,5,,,,0,0,0,0,0,0,0,0,0,0,0,0,0,0,,,2.0
725,2,5.0,3.0,3,6,3,3,3,0,1,1,1,0,0,0,0,0,0,0,0,0,0,2.0,3,2.0
726,3,2.0,2.0,3,3,,2,3,0,0,0,0,0,0,0,0,0,0,1,0,0,1,,,5.0
727,3,5.0,7.0,3,3,,2,3,0,0,0,0,0,0,0,0,0,0,0,1,0,1,,,7.0
728,2,3.0,4.0,3,3,,3,3,0,0,0,0,0,0,0,0,0,0,0,1,0,0,,,5.0
729,3,5.0,1.0,3,3,3,3,3,0,1,0,0,0,0,0,0,0,0,0,0,0,0,2.0,3,4.0
730,3,3.0,4.0,3,5,3,2,3,0,0,0,0,0,0,0,0,0,0,0,0,1,1,2.0,3,6.0
731,2,5.0,4.0,2,5,,3,3,0,0,0,0,0,0,0,0,0,0,0,1,0,0,,,7.0
732,2,3.0,4.0,3,6,,2,3,0,0,0,0,0,0,0,0,0,0,0,1,0,1,,,7.0
733,3,3.0,6.0,2,3,3,3,3,0,0,0,0,0,0,0,0,0,0,0,0,1,0,2.0,3,6.0
734,3,5.0,1.0,2,3,,3,3,0,0,0,0,0,0,0,0,0,0,0,1,0,0,,,4.0
735,3,2.0,1.0,3,3,3,3,3,0,1,0,1,0,0,0,0,1,1,1,0,0,0,4.0,3,5.0
736,2,3.0,3.0,3,3,3,3,3,0,0,0,0,0,0,0,0,0,0,1,0,0,0,2.0,3,4.0
737,3,3.0,3.0,3,3,2,3,3,0,0,0,1,0,0,0,0,0,0,0,0,0,0,2.0,3,5.0
738,2,3.0,3.0,3,3,2,2,2,1,0,0,1,0,0,0,0,0,0,0,0,0,1,2.0,3,4.0
739,3,3.0,3.0,3,3,3,3,3,0,0,0,1,1,0,0,0,0,0,0,0,0,0,2.0,3,5.0
740,3,2.0,3.0,3,3,2,3,3,1,1,1,1,1,1,1,0,0,0,0,0,0,0,3.0,2,8.0
741,3,2.0,1.0,2,3,,3,3,0,0,0,0,0,0,0,0,0,0,1,0,0,0,,,5.0
742,3,3.0,7.0,3,3,2,3,3,1,0,0,0,0,0,0,0,0,0,1,0,0,0,3.0,2,5.0
743,3,3.0,6.0,3,3,3,2,2,0,1,0,1,1,1,1,0,0,1,1,0,0,1,2.0,3,5.0
744,2,2.0,5.0,3,3,2,3,3,0,0,0,1,0,0,0,0,0,0,0,0,0,0,2.0,3,5.0
745,2,2.0,2.0,3,3,,2,3,0,1,1,1,1,0,0,0,0,0,0,1,0,1,,,5.0
746,3,3.0,3.0,3,3,3,3,2,1,1,0,1,1,1,0,0,1,1,1,0,0,0,3.0,3,5.0
747,2,3.0,3.0,3,3,3,3,3,1,0,1,1,1,0,0,0,0,0,1,0,0,0,3.0,3,4.0
748,2,5.0,3.0,3,5,2,2,3,1,0,0,1,1,0,0,0,0,0,0,0,0,1,2.0,2,5.0
749,3,5.0,6.0,3,5,,,,0,0,0,0,0,0,0,0,0,0,0,0,0,0,,,6.0
750,3,7.0,4.0,2,1,,2,3,0,0,0,0,0,0,0,0,0,0,0,1,0,1,,,8.0
751,2,7.0,6.0,3,3,,2,3,0,0,0,0,0,0,0,0,0,0,1,0,0,1,,,8.0
752,2,5.0,5.0,2,3,,3,3,0,0,0,0,0,0,0,0,0,0,0,1,0,0,,,6.0
753,2,5.0,4.0,3,3,,1,3,0,0,0,0,0,0,0,0,0,0,0,1,0,0,,,8.0
754,2,3.0,3.0,3,3,,2,3,0,0,0,0,0,0,0,0,0,0,0,1,0,1,,,1.0
755,3,1.0,4.0,3,2,,3,3,0,0,0,0,0,0,0,0,0,0,0,1,1,0,,,5.0
756,2,5.0,4.0,2,3,2,3,3,0,0,0,0,0,0,0,0,0,0,0,1,0,0,2.0,2,8.0
757,3,5.0,8.0,1,3,3,3,3,0,0,0,1,1,0,0,0,0,0,0,0,0,0,2.0,3,1.0
758,3,3.0,4.0,3,3,,3,3,0,0,0,0,0,0,0,0,0,0,0,1,0,0,,,5.0
759,2,5.0,4.0,3,3,,2,3,0,0,0,0,0,0,0,0,0,0,0,1,0,1,,,6.0
760,3,5.0,6.0,2,3,3,3,3,0,0,1,1,1,0,0,0,0,0,0,0,0,0,2.0,3,6.0
761,3,7.0,6.0,2,3,,2,3,0,0,0,0,0,0,0,0,0,0,1,0,0,1,,,8.0
762,2,5.0,5.0,2,3,,3,3,0,0,0,0,0,0,0,0,0,0,0,1,0,0,,,7.0
763,2,3.0,3.0,3,3,,3,3,0,0,0,0,0,0,0,0,0,0,0,0,1,0,,,6.0
764,2,3.0,4.0,2,6,,3,3,0,1,0,0,0,0,1,0,0,0,0,0,0,0,,,5.0
765,3,7.0,7.0,2,3,2,3,3,0,1,0,0,1,0,0,0,0,0,0,0,0,0,2.0,2,7.0
766,2,6.0,1.0,3,3,,3,3,0,0,0,0,0,0,0,0,0,0,0,1,0,0,,,1.0
767,3,7.0,7.0,2,3,3,3,3,0,0,0,1,0,0,0,0,0,0,0,0,0,0,2.0,3,7.0
768,2,1.0,7.0,3,3,,3,3,0,0,0,0,0,0,0,0,0,0,0,1,0,0,,,1.0
769,2,7.0,4.0,2,3,,,,0,0,0,0,0,0,0,0,0,0,0,0,0,0,,,1.0
770,2,3.0,5.0,2,3,,3,2,0,0,0,0,0,0,0,0,0,0,0,1,0,0,,,7.0
771,3,3.0,4.0,2,3,1,3,1,0,1,0,0,0,0,0,0,0,0,0,1,0,0,2.0,3,7.0
772,2,5.0,7.0,2,3,3,3,2,1,0,0,1,1,0,0,0,0,0,1,0,0,0,2.0,3,7.0
773,3,2.0,2.0,3,3,2,3,3,1,1,0,1,0,0,0,0,0,0,0,0,0,0,2.0,3,5.0
774,2,3.0,7.0,3,3,3,3,3,1,1,0,1,0,0,0,0,1,0,0,0,0,0,2.0,3,4.0
775,2,3.0,5.0,2,3,3,3,3,0,0,1,1,1,0,0,0,0,1,1,0,0,0,2.0,3,4.0
776,3,3.0,4.0,3,3,,3,3,0,0,0,0,0,0,0,0,0,0,0,0,1,0,,,7.0
777,2,3.0,5.0,3,3,,3,3,0,1,0,1,1,1,1,1,1,1,1,0,0,0,,,5.0
778,2,3.0,5.0,3,3,3,3,2,1,1,0,1,0,0,0,0,0,0,1,0,0,0,3.0,3,1.0
779,2,3.0,3.0,3,3,3,2,3,0,0,0,1,0,0,0,0,0,0,0,0,0,1,4.0,2,4.0
780,3,3.0,4.0,3,3,3,2,3,1,0,0,1,0,0,0,0,0,0,0,0,0,1,2.0,3,6.0
781,2,3.0,3.0,3,6,,3,3,0,0,0,0,0,1,0,0,0,0,0,0,0,0,,,4.0
782,2,5.0,4.0,3,3,3,3,2,0,1,0,1,0,0,0,0,0,0,0,1,0,0,2.0,3,5.0
783,2,3.0,3.0,3,3,,3,2,0,0,0,1,1,0,1,0,0,0,0,0,0,0,,,5.0
784,3,1.0,1.0,1,3,2,3,3,0,0,0,1,1,0,0,0,0,0,0,0,0,0,2.0,3,5.0
785,3,5.0,6.0,3,3,3,3,3,0,0,0,1,0,0,0,0,1,0,0,0,0,0,2.0,3,3.0
786,3,3.0,4.0,3,6,2,3,3,0,0,0,1,0,0,0,0,0,0,0,0,0,0,2.0,3,4.0
787,3,3.0,3.0,2,3,2,3,3,0,1,0,1,0,0,0,0,0,0,0,1,0,0,3.0,3,7.0
788,3,5.0,6.0,3,6,3,2,3,1,1,0,1,1,1,0,0,0,1,1,0,0,1,2.0,3,5.0
789,,3.0,7.0,2,3,,3,3,0,0,0,0,0,0,0,0,0,0,0,1,0,0,,,5.0
790,3,5.0,6.0,2,3,,3,2,0,0,0,0,0,0,0,0,0,0,0,1,0,0,,,5.0
791,3,7.0,7.0,2,3,3,2,3,0,1,0,1,1,1,0,0,0,0,0,0,0,1,2.0,3,6.0
792,2,2.0,2.0,3,3,,3,2,0,0,0,1,0,0,0,0,0,0,0,0,0,0,,,5.0
793,2,2.0,1.0,3,3,3,2,3,1,1,0,1,1,0,0,0,0,0,0,0,0,1,2.0,3,5.0
794,3,3.0,6.0,3,3,,,,0,0,0,0,0,0,0,0,0,0,0,0,0,0,,,3.0
795,2,3.0,1.0,3,3,,,,0,0,0,0,0,0,0,0,0,0,0,0,0,0,,,1.0
796,2,3.0,5.0,2,3,3,2,2,0,0,1,1,0,0,0,0,0,0,0,0,0,1,2.0,3,5.0
797,3,2.0,4.0,3,3,3,3,2,0,0,0,1,0,0,0,0,0,0,0,0,0,0,2.0,3,4.0
798,2,2.0,1.0,3,3,3,2,3,0,0,0,1,1,0,0,0,0,0,1,0,0,1,2.0,3,5.0
799,3,3.0,3.0,2,3,3,3,3,0,0,0,1,1,0,0,0,0,0,0,0,0,0,3.0,3,6.0
800,3,3.0,3.0,3,3,3,3,3,1,1,0,1,1,0,0,0,0,0,0,0,0,0,3.0,3,4.0
801,2,3.0,5.0,3,3,,,,0,0,0,0,0,0,0,0,0,0,0,0,0,0,,,4.0
802,3,3.0,7.0,3,3,3,3,3,1,0,0,0,1,0,0,0,0,0,1,0,0,0,2.0,3,5.0
803,2,5.0,3.0,3,3,3,3,3,1,1,0,1,1,1,0,0,0,0,0,0,0,0,3.0,3,5.0
804,3,2.0,4.0,3,1,,3,3,0,0,0,1,0,0,0,0,0,0,0,0,0,0,,,4.0
805,3,5.0,7.0,3,3,2,3,3,0,1,0,1,0,1,0,0,0,1,0,0,0,0,2.0,3,7.0
806,3,3.0,6.0,2,3,,2,3,0,0,0,0,0,0,0,0,0,0,0,1,0,1,,,8.0
807,2,3.0,1.0,3,3,3,3,3,1,0,0,1,0,0,0,0,0,0,0,0,0,0,3.0,3,5.0
808,3,3.0,1.0,3,3,3,3,3,0,0,0,1,1,0,0,0,0,0,0,0,0,0,2.0,3,5.0
809,2,5.0,6.0,2,3,2,2,2,1,1,0,1,1,0,0,0,0,0,0,0,0,1,2.0,2,5.0
810,2,5.0,4.0,3,3,,3,3,0,1,0,0,0,0,0,0,0,0,0,0,0,0,,,1.0
811,2,2.0,1.0,3,3,,3,3,0,0,0,0,0,0,0,0,0,0,0,1,1,0,,,5.0
812,2,2.0,3.0,3,3,,3,3,0,0,0,0,0,0,0,0,0,0,0,0,1,0,,,4.0
813,2,3.0,5.0,2,5,,3,3,1,0,0,0,0,0,0,0,0,0,0,0,0,0,,,6.0
814,3,5.0,1.0,2,3,2,3,3,0,1,0,1,1,0,0,0,0,0,0,0,0,0,2.0,2,8.0
815,3,3.0,4.0,3,3,,3,3,0,0,0,0,0,0,0,0,0,0,0,1,0,0,,,1.0
816,3,3.0,3.0,2,1,,3,3,0,0,0,0,0,0,0,0,0,0,0,1,0,0,,,5.0
817,2,3.0,5.0,2,3,,1,3,0,0,0,0,0,0,0,0,0,0,0,1,0,0,,,1.0
818,2,5.0,6.0,3,3,,2,3,0,0,0,0,0,0,0,0,0,0,0,0,1,1,,,5.0
819,2,3.0,3.0,3,3,,3,3,0,0,0,0,0,0,0,0,0,0,0,1,0,0,,,6.0
820,2,5.0,1.0,3,3,,3,3,0,0,0,0,0,0,0,0,0,0,0,1,0,0,,,9.0
821,2,5.0,5.0,3,1,,1,3,0,0,0,1,1,0,0,0,0,0,0,1,0,0,,,1.0
822,2,2.0,1.0,3,6,3,3,3,0,0,0,1,0,0,0,0,0,0,1,0,0,0,3.0,3,5.0
823,2,3.0,4.0,3,3,,3,3,0,0,0,0,0,0,0,0,0,0,0,0,1,0,,,1.0
824,3,7.0,7.0,2,3,,3,3,0,0,0,0,0,0,0,0,0,0,0,1,0,0,,,6.0
825,2,5.0,5.0,3,3,3,3,3,1,1,0,1,0,0,0,0,0,0,0,0,0,0,2.0,3,5.0
826,3,5.0,1.0,3,3,3,3,3,0,0,0,1,0,1,0,0,0,0,0,0,0,0,2.0,3,5.0
827,2,2.0,3.0,3,5,3,3,3,0,0,1,1,0,0,0,0,1,0,0,0,0,0,3.0,3,4.0
828,2,7.0,4.0,3,3,2,3,3,0,0,0,1,0,0,0,0,0,0,1,0,0,0,2.0,3,4.0
829,2,5.0,6.0,3,5,,2,2,0,0,0,1,0,0,0,0,0,0,0,0,0,1,,,7.0
830,3,3.0,7.0,3,3,3,3,3,0,0,0,1,0,0,0,0,0,0,0,0,0,0,2.0,3,5.0
831,2,5.0,5.0,2,6,,2,3,1,1,0,1,0,0,1,0,1,0,0,0,0,1,,,4.0
832,3,2.0,6.0,3,3,,3,3,0,0,0,0,0,0,0,0,0,0,0,0,1,0,,,5.0
833,3,3.0,3.0,3,3,,3,3,0,0,0,0,0,0,0,0,0,0,0,1,0,0,,,6.0
834,3,5.0,4.0,3,3,2,2,3,0,1,1,1,0,1,0,0,0,0,0,0,0,1,2.0,2,5.0
835,3,2.0,1.0,2,3,2,3,3,0,0,0,0,0,0,0,0,0,0,1,0,0,0,2.0,3,5.0
836,2,3.0,4.0,3,3,,3,3,0,0,0,0,0,0,0,0,0,0,1,1,0,0,,,6.0
837,3,5.0,1.0,3,3,3,3,3,1,0,0,0,0,0,0,0,0,0,0,0,0,0,2.0,3,5.0
838,2,5.0,4.0,2,3,,3,2,1,1,0,0,0,0,0,0,0,0,0,0,0,0,,,4.0
839,2,3.0,4.0,3,3,3,2,2,0,0,0,1,0,1,0,0,0,0,1,0,0,1,3.0,3,6.0
840,2,3.0,5.0,2,3,,3,3,1,1,0,1,1,0,0,0,0,0,1,0,0,0,,,6.0
841,2,3.0,3.0,3,3,3,3,2,0,0,0,1,0,0,0,0,0,0,0,0,0,0,2.0,3,4.0
842,2,5.0,1.0,3,3,2,2,2,1,1,0,1,1,1,0,0,0,1,1,0,0,1,2.0,2,4.0
843,2,5.0,6.0,3,3,,2,3,0,0,0,0,0,0,0,0,0,0,0,1,0,1,,,8.0
844,3,2.0,3.0,3,3,3,3,3,1,1,0,1,0,0,0,0,0,0,0,0,0,0,3.0,3,4.0
845,3,5.0,1.0,3,6,3,3,3,0,0,0,0,1,0,0,0,0,0,0,0,0,0,2.0,3,3.0
846,3,3.0,1.0,3,3,2,2,3,0,0,0,0,0,0,0,0,0,0,0,0,1,1,2.0,3,4.0
847,2,5.0,7.0,3,4,3,3,3,0,0,0,1,1,0,0,0,0,0,0,0,0,0,2.0,3,7.0
848,2,1.0,6.0,2,1,3,3,3,1,0,0,1,0,0,0,0,1,0,0,0,0,0,3.0,3,1.0
849,3,3.0,,2,3,3,2,2,1,1,0,1,0,1,1,0,0,0,0,0,0,1,3.0,3,5.0
850,3,5.0,4.0,2,5,2,2,3,0,0,1,1,1,0,0,0,0,0,0,1,0,1,2.0,3,7.0
851,3,3.0,3.0,3,3,3,2,3,0,1,1,1,0,0,0,0,0,0,0,0,0,1,2.0,3,1.0
852,2,3.0,3.0,2,3,3,2,3,0,0,0,1,1,0,0,0,0,0,0,0,0,1,2.0,3,4.0
853,3,3.0,6.0,3,3,3,3,3,0,0,0,0,0,0,0,0,0,0,0,0,1,0,3.0,3,6.0
854,3,3.0,6.0,2,3,,3,2,0,1,1,1,1,1,0,0,1,0,1,0,0,0,,,5.0
855,3,3.0,7.0,3,3,3,2,3,0,1,0,1,1,0,0,0,0,0,0,0,0,1,2.0,3,5.0
856,2,3.0,5.0,3,5,,3,3,0,0,0,1,0,0,0,0,0,0,0,0,0,0,,,2.0
857,3,3.0,6.0,2,3,3,2,3,0,1,0,1,1,0,0,0,1,1,1,0,0,1,2.0,3,4.0
858,3,2.0,2.0,3,4,,2,3,0,0,0,0,0,1,0,0,0,0,0,1,0,1,,,1.0
859,2,3.0,5.0,2,1,2,3,3,0,0,0,1,1,1,0,0,0,0,1,0,0,0,2.0,2,1.0
860,3,7.0,1.0,2,5,3,3,3,0,1,0,1,0,0,0,0,0,1,1,0,0,0,2.0,3,6.0
861,2,7.0,6.0,2,3,3,3,3,0,1,0,1,1,0,0,0,0,0,0,0,0,0,2.0,3,7.0
862,2,3.0,4.0,3,3,3,3,3,0,1,0,1,0,0,0,0,0,0,0,0,0,0,2.0,3,4.0
863,3,3.0,1.0,3,3,3,3,3,0,0,0,1,0,0,0,0,0,0,0,0,0,0,2.0,3,4.0
864,3,5.0,6.0,2,3,,3,3,0,0,0,0,0,0,0,0,0,0,0,1,0,0,,,5.0
865,2,3.0,3.0,3,5,3,3,3,0,1,1,1,0,0,0,0,0,0,0,0,0,0,2.0,3,2.0
866,2,3.0,6.0,2,6,,3,3,0,0,0,0,0,0,0,0,0,0,0,1,0,0,,,7.0
867,2,5.0,1.0,3,3,,3,2,0,0,0,0,0,0,0,0,0,0,0,0,1,0,,,1.0
868,2,3.0,4.0,3,3,3,3,3,0,1,0,1,0,0,0,0,0,0,1,0,0,0,2.0,3,5.0
869,2,3.0,3.0,3,5,,2,3,0,1,1,0,0,0,0,0,0,0,0,0,0,1,,,6.0
870,2,2.0,1.0,1,6,2,2,3,0,1,0,0,0,0,0,0,0,0,0,0,0,1,3.0,3,4.0
871,3,5.0,1.0,3,5,,3,3,0,1,0,1,0,0,0,0,0,0,0,1,0,0,,,5.0
872,2,3.0,4.0,3,6,3,3,3,0,0,0,1,0,0,0,0,0,0,0,0,0,0,2.0,3,5.0
873,2,3.0,1.0,3,5,,3,3,0,0,0,0,0,0,0,0,0,0,0,1,0,0,,,5.0
874,2,2.0,1.0,3,3,,3,3,0,1,1,1,0,0,0,0,0,0,0,0,0,0,,,4.0
875,3,3.0,3.0,3,6,,3,3,1,0,0,0,0,0,0,0,0,0,0,0,0,0,,,4.0
876,3,3.0,4.0,3,3,3,3,3,0,0,0,0,0,0,0,0,0,0,0,0,1,0,3.0,3,4.0
877,2,3.0,6.0,3,6,,3,3,0,0,0,0,0,0,0,0,0,0,0,1,0,0,,,5.0
878,2,3.0,5.0,3,3,3,3,3,0,1,0,1,0,0,0,0,0,0,0,0,0,0,2.0,3,4.0
879,2,3.0,4.0,3,6,3,2,3,0,1,0,0,0,0,0,0,0,1,1,0,1,1,2.0,3,4.0
880,2,5.0,7.0,3,5,3,2,3,0,1,0,1,1,0,0,0,0,0,1,0,0,1,2.0,3,1.0
881,2,3.0,4.0,3,3,3,3,3,0,1,0,1,0,0,0,0,0,0,0,0,0,0,2.0,3,4.0
882,2,5.0,7.0,3,5,3,3,3,0,1,0,1,1,0,0,0,0,1,1,0,0,0,2.0,3,5.0
883,3,2.0,6.0,3,3,,2,1,0,0,0,0,0,0,0,0,0,0,0,1,1,1,,,5.0
884,2,3.0,1.0,3,5,,3,3,0,0,0,0,0,0,0,0,0,0,0,1,0,0,,,3.0
885,2,3.0,3.0,3,6,,3,3,0,0,0,0,0,0,0,0,0,0,0,1,0,0,,,3.0
886,2,3.0,5.0,3,3,,3,3,0,0,0,0,0,0,0,0,0,0,0,1,0,0,,,6.0
887,3,5.0,7.0,2,6,,3,3,0,1,1,1,0,1,0,0,0,1,1,0,0,0,,,5.0
888,2,3.0,4.0,3,3,,3,3,0,0,0,1,0,0,0,0,0,0,0,1,0,0,,,5.0
889,3,5.0,6.0,2,3,3,3,3,1,1,1,1,1,1,1,0,0,1,1,0,0,0,2.0,2,5.0
890,3,3.0,4.0,2,3,,2,3,0,0,0,0,0,0,0,0,0,0,1,0,0,1,,,5.0
891,2,7.0,7.0,3,3,3,3,3,0,0,0,0,0,0,0,0,0,0,0,0,1,0,2.0,3,6.0
892,3,2.0,1.0,3,5,3,2,3,1,1,0,1,0,0,0,0,0,0,0,0,0,1,2.0,3,6.0
893,2,3.0,4.0,3,5,3,3,3,1,0,0,1,0,0,0,0,0,0,0,0,1,0,3.0,3,5.0
894,2,5.0,1.0,3,3,3,2,3,0,1,0,1,1,1,0,0,0,0,0,0,0,1,2.0,3,6.0
895,3,3.0,6.0,2,3,3,2,3,0,0,0,1,0,1,0,0,0,0,0,0,0,1,3.0,3,6.0
896,2,3.0,5.0,3,3,2,3,3,1,1,0,1,1,1,0,1,0,1,0,0,0,0,3.0,2,6.0
897,2,3.0,6.0,3,5,3,3,3,0,1,0,1,1,0,0,0,0,1,1,0,0,0,3.0,3,4.0
898,3,5.0,4.0,3,3,3,2,3,1,1,0,0,0,0,0,0,0,0,1,0,0,1,2.0,3,8.0
899,3,5.0,7.0,3,6,,2,2,0,0,0,1,0,1,0,0,0,0,0,0,0,1,,,6.0
900,3,2.0,6.0,1,3,3,3,3,0,1,0,0,0,1,0,0,0,0,0,0,0,0,2.0,3,5.0
901,3,2.0,7.0,2,3,2,2,3,0,1,0,1,0,0,0,0,0,1,1,0,0,1,2.0,2,6.0
902,3,5.0,7.0,3,3,2,2,2,0,1,1,1,1,1,1,0,0,1,1,0,0,1,2.0,3,8.0
903,2,3.0,4.0,3,3,3,2,3,0,0,0,1,0,0,0,0,0,0,1,0,0,1,2.0,3,4.0
904,2,3.0,5.0,2,3,2,2,2,0,1,0,0,0,1,0,0,0,0,0,0,0,1,2.0,3,6.0
905,3,3.0,3.0,3,5,3,3,3,1,1,1,0,0,0,0,0,1,0,0,0,0,0,4.0,3,4.0
906,3,5.0,4.0,2,3,3,3,2,1,1,0,0,0,0,0,0,0,0,0,0,0,0,4.0,3,6.0
907,2,5.0,7.0,3,3,3,3,3,0,1,0,1,0,0,0,1,0,0,0,0,0,0,2.0,3,5.0
908,3,3.0,7.0,3,3,2,3,3,0,1,0,1,1,1,0,0,0,0,1,0,0,0,2.0,3,4.0
909,2,2.0,1.0,2,3,3,2,3,0,1,1,1,1,0,0,0,0,1,1,0,0,1,2.0,3,7.0
910,2,5.0,3.0,3,3,,2,3,0,0,0,1,0,0,0,0,0,0,0,0,0,1,,,7.0
911,3,5.0,6.0,2,5,3,2,3,1,0,0,1,0,0,0,0,0,0,0,0,0,1,2.0,3,5.0
912,3,5.0,6.0,3,3,3,3,2,1,0,0,1,0,1,0,0,0,0,0,0,0,0,2.0,3,6.0
913,3,5.0,6.0,2,5,3,2,3,1,1,0,1,1,0,0,0,0,0,0,0,0,1,2.0,3,5.0
914,2,5.0,1.0,3,5,2,3,3,0,1,0,1,1,0,0,0,0,0,0,0,0,0,3.0,3,1.0
915,2,5.0,1.0,3,3,,2,3,0,0,0,1,1,0,0,0,0,0,1,0,0,1,,,4.0
916,2,3.0,5.0,2,3,,2,3,0,0,0,0,1,0,0,0,0,0,0,0,0,1,,,5.0
917,3,5.0,6.0,2,3,3,2,3,1,1,0,1,1,1,1,0,0,1,1,0,0,1,4.0,3,5.0
918,2,5.0,6.0,2,5,2,3,3,0,0,0,1,0,0,0,0,0,0,0,0,0,0,3.0,3,5.0
919,3,2.0,3.0,3,5,,2,3,0,0,0,1,1,0,0,0,0,0,0,0,0,1,,,2.0
920,3,5.0,7.0,3,3,,3,3,0,0,0,0,0,1,0,0,1,1,0,0,0,0,,,5.0
921,3,3.0,3.0,3,3,,2,3,0,1,0,1,1,1,0,0,0,0,1,0,0,1,,,4.0
922,2,3.0,4.0,3,3,3,3,2,0,1,1,1,1,1,0,0,0,0,1,0,0,0,2.0,3,5.0
923,3,5.0,7.0,3,3,3,3,2,0,0,0,1,0,0,0,0,0,0,1,0,0,0,2.0,3,5.0
924,3,2.0,2.0,3,5,3,2,3,1,1,0,1,0,0,0,0,1,0,0,0,0,1,2.0,3,1.0
925,2,3.0,4.0,3,3,3,3,3,1,0,0,1,0,0,0,0,0,0,0,0,0,0,2.0,3,6.0
926,3,5.0,3.0,3,5,3,3,3,0,1,0,1,0,0,0,0,0,0,0,0,0,0,3.0,3,4.0
927,2,5.0,4.0,3,3,,3,3,0,0,0,0,0,0,0,0,0,0,0,1,0,0,,,6.0
928,2,3.0,3.0,3,5,2,3,3,0,0,0,0,0,0,0,0,0,0,0,0,1,0,2.0,3,4.0
929,2,3.0,4.0,2,3,,3,3,0,0,0,0,0,0,0,0,0,0,0,1,0,0,,,4.0
930,2,5.0,5.0,2,3,,2,3,1,0,0,0,0,0,0,0,0,0,0,1,0,1,,,8.0
931,2,5.0,7.0,3,1,,3,3,0,0,0,0,0,0,0,0,0,0,0,1,0,0,,,4.0
932,2,7.0,6.0,3,3,,2,3,0,0,0,1,0,0,0,0,0,0,0,0,0,1,,,1.0
933,3,7.0,6.0,3,6,3,3,3,0,1,0,0,0,0,0,0,0,0,0,0,0,0,2.0,3,7.0
934,3,3.0,4.0,3,6,3,2,3,0,0,1,0,0,0,0,0,0,0,0,0,0,1,2.0,3,5.0
935,3,3.0,3.0,2,5,,3,3,0,0,1,0,0,0,0,0,0,0,0,0,0,0,,,6.0
936,3,3.0,7.0,3,1,,3,3,0,0,0,0,0,0,0,0,0,0,1,0,0,0,,,6.0
937,3,5.0,6.0,3,6,3,2,3,0,0,0,1,0,0,0,0,0,0,0,0,0,1,2.0,3,5.0
938,3,7.0,7.0,3,4,3,1,3,0,1,1,1,1,0,0,0,0,0,1,0,0,0,2.0,3,5.0
939,2,7.0,1.0,2,3,3,3,3,1,0,0,0,0,0,0,0,0,0,0,0,0,0,2.0,3,4.0
940,2,3.0,4.0,3,3,,3,3,0,0,0,0,0,0,0,0,0,0,0,0,1,0,,,5.0
941,2,7.0,7.0,2,5,,3,3,0,0,0,0,0,0,0,0,0,0,0,1,0,0,,,6.0
942,3,3.0,4.0,2,3,,3,3,0,0,0,0,0,0,0,0,0,0,1,0,0,0,,,6.0
943,2,3.0,4.0,3,6,,2,3,0,0,0,0,0,0,0,0,0,0,0,1,0,1,,,1.0
944,3,3.0,6.0,3,3,2,2,3,1,1,0,0,1,0,0,0,0,0,0,0,0,1,2.0,3,5.0
945,3,7.0,7.0,2,5,,1,3,0,0,0,0,0,0,0,0,0,0,0,1,0,0,,,1.0
946,2,3.0,1.0,2,3,,3,3,0,1,0,0,0,0,0,0,0,0,1,0,0,0,,,4.0
947,2,6.0,4.0,1,3,,3,3,0,0,0,0,0,0,0,0,0,0,0,1,0,0,,,4.0
948,3,3.0,3.0,3,5,,2,3,0,0,0,1,0,0,0,0,0,0,0,0,0,1,,,6.0
949,3,3.0,4.0,3,6,,,,0,0,0,0,0,0,0,0,0,0,0,0,0,0,,,5.0
950,,5.0,5.0,3,3,,3,3,0,0,0,1,0,0,0,0,0,0,0,0,0,0,,,4.0
951,2,3.0,6.0,3,3,,3,3,0,0,0,0,0,0,0,0,0,0,0,0,1,0,,,5.0
952,2,5.0,6.0,3,6,,3,3,0,0,0,0,0,0,0,0,0,0,0,0,1,0,,,5.0
953,3,5.0,3.0,3,3,,3,3,0,0,0,0,0,0,0,0,0,0,0,1,0,0,,,6.0
954,2,5.0,1.0,3,3,,3,3,0,0,0,0,0,0,0,0,0,0,0,0,1,0,,,5.0
955,2,3.0,7.0,3,5,,3,3,0,0,0,0,0,0,0,0,0,0,0,1,0,0,,,5.0
956,2,7.0,7.0,3,3,3,2,3,0,0,0,0,0,0,0,0,0,0,0,1,0,1,2.0,3,7.0
957,3,3.0,3.0,3,3,,3,3,0,0,1,1,0,1,1,0,1,1,1,0,0,0,,,5.0
958,2,2.0,2.0,2,3,2,3,3,0,0,0,1,1,0,0,0,0,1,0,0,0,0,2.0,2,5.0
959,3,7.0,1.0,2,3,,3,3,0,0,0,0,0,0,0,0,0,0,0,0,1,0,,,7.0
960,2,1.0,7.0,2,3,2,2,3,0,0,1,1,1,0,0,0,0,0,0,0,0,1,2.0,3,5.0
961,3,3.0,6.0,3,3,3,3,3,1,1,0,1,1,0,0,0,0,1,1,0,0,0,2.0,3,4.0
962,3,3.0,3.0,3,3,,2,3,0,0,0,1,0,0,0,0,0,0,0,0,0,1,,,6.0
963,2,5.0,7.0,2,3,,2,2,0,0,0,1,1,0,0,0,0,0,1,0,0,1,,,6.0
964,3,3.0,6.0,3,5,,2,2,0,1,0,1,1,1,0,0,0,0,0,0,0,1,,,3.0
965,2,2.0,4.0,3,3,,3,3,0,0,0,0,0,0,0,0,0,0,0,1,0,0,,,4.0
966,2,5.0,6.0,3,3,2,3,2,0,0,0,0,1,0,0,0,0,0,1,0,0,0,2.0,2,7.0
967,3,3.0,4.0,3,3,,3,3,0,0,0,0,0,0,0,0,0,0,0,1,0,0,,,7.0
968,2,3.0,4.0,2,5,3,2,3,0,1,0,1,0,1,0,0,0,0,1,0,0,1,2.0,3,4.0
969,3,5.0,7.0,3,3,,2,2,0,0,0,1,1,0,0,0,0,0,0,0,0,1,,,6.0
970,2,5.0,5.0,3,3,,3,3,0,0,0,0,0,0,0,0,0,0,0,1,0,0,,,7.0
971,2,3.0,6.0,3,5,3,3,3,1,0,0,0,0,0,0,0,0,0,0,0,0,0,2.0,3,4.0
972,2,7.0,3.0,2,3,,3,3,0,0,0,0,0,0,0,0,0,0,0,1,0,0,,,8.0
973,3,3.0,3.0,2,3,3,3,2,1,0,0,1,0,0,0,0,0,0,0,0,0,0,2.0,3,6.0
974,3,3.0,3.0,3,3,,3,3,0,0,0,0,0,1,1,1,0,1,1,0,0,0,,,6.0
975,3,3.0,6.0,2,3,3,3,2,0,0,0,0,0,0,0,0,0,0,0,0,1,0,2.0,3,6.0
976,3,5.0,6.0,2,3,3,3,3,1,1,0,1,1,1,0,0,0,1,1,0,0,0,2.0,3,6.0
977,3,2.0,2.0,2,3,2,2,3,0,0,0,1,1,1,0,0,0,1,0,1,0,1,2.0,3,6.0
978,2,3.0,6.0,3,6,3,3,3,0,1,0,1,0,0,0,0,0,1,1,0,0,0,2.0,3,3.0
979,3,3.0,6.0,2,3,2,3,3,1,0,0,1,0,0,0,0,0,0,0,0,0,0,1.0,3,6.0
980,2,5.0,1.0,3,3,,3,2,0,0,0,0,0,0,1,0,0,0,1,0,0,0,,,5.0
981,2,5.0,4.0,3,3,,2,3,0,1,0,0,0,0,0,0,0,1,0,0,0,1,,,5.0
982,3,5.0,4.0,2,3,3,3,3,0,1,0,1,0,0,0,0,0,0,0,0,0,0,2.0,3,6.0
983,2,7.0,4.0,2,3,,2,3,0,0,0,1,0,0,0,0,0,0,1,0,0,1,,,8.0
984,3,3.0,4.0,3,1,,2,1,0,0,0,0,0,0,0,0,0,0,0,1,0,1,,,4.0
985,3,2.0,6.0,2,1,,3,3,0,0,0,1,0,0,0,0,0,0,0,0,0,0,,,4.0
986,3,3.0,6.0,3,3,3,3,3,0,1,1,1,1,0,0,0,0,0,1,0,0,0,2.0,3,4.0
987,2,2.0,2.0,3,3,,3,3,1,1,0,1,0,0,1,0,0,0,0,0,0,0,,,5.0
988,3,3.0,7.0,2,3,3,2,3,0,0,0,0,1,0,0,0,0,0,0,0,0,1,2.0,3,6.0
989,2,3.0,5.0,3,5,3,2,3,0,0,0,1,0,0,0,0,0,0,0,0,0,1,2.0,3,4.0
990,3,3.0,9.0,2,4,2,3,3,1,1,0,1,0,0,0,0,0,0,0,0,0,0,3.0,3,6.0
991,2,3.0,6.0,3,3,3,2,3,1,1,1,1,0,0,0,0,0,0,0,0,0,1,3.0,3,
992,3,3.0,7.0,3,3,,,,0,0,0,0,0,0,0,0,0,0,0,0,0,0,,,5.0
993,2,5.0,7.0,2,5,3,3,3,0,1,0,0,1,1,0,0,0,0,0,0,0,0,2.0,3,6.0
994,2,5.0,4.0,3,5,3,3,3,1,0,0,1,0,0,0,0,0,0,0,1,0,0,2.0,3,4.0
995,3,2.0,3.0,3,3,,,,0,0,0,0,0,0,0,0,0,0,0,0,0,0,,,4.0
996,3,3.0,4.0,2,3,,,,0,0,0,0,0,0,0,0,0,0,0,0,0,0,,,4.0
997,2,3.0,3.0,3,6,2,3,2,1,0,0,1,0,0,0,0,0,0,0,0,0,0,2.0,3,4.0
998,2,7.0,7.0,3,5,2,3,2,1,0,0,1,1,0,1,0,0,0,0,0,0,0,2.0,3,5.0
999,3,3.0,6.0,3,3,2,3,3,0,0,1,0,0,0,0,0,0,0,0,0,0,0,3.0,2,6.0
1000,3,5.0,6.0,3,3,3,3,3,1,0,0,1,0,0,0,0,0,0,0,0,0,0,3.0,3,4.0
1001,3,2.0,6.0,3,3,3,2,3,1,1,0,1,0,1,0,0,0,0,1,0,0,1,2.0,3,5.0
1002,3,3.0,6.0,3,3,3,3,3,0,0,0,1,0,0,0,0,0,0,0,0,0,0,2.0,3,3.0
1003,3,3.0,4.0,2,5,2,3,3,1,1,0,1,1,1,0,0,0,0,0,0,0,0,4.0,3,5.0
1004,2,3.0,4.0,3,5,,3,3,0,0,0,0,0,0,0,0,0,0,0,1,0,0,,,4.0
1005,2,5.0,3.0,3,3,3,3,3,0,0,0,0,0,0,0,0,0,0,0,1,0,0,1.0,1,5.0
1006,2,3.0,3.0,2,3,2,3,3,1,0,0,1,0,0,0,0,0,0,0,0,0,0,2.0,3,5.0
1007,,2.0,1.0,3,3,,3,3,0,0,0,0,0,0,0,0,0,1,0,0,0,0,,,6.0
1008,3,1.0,4.0,2,6,3,3,3,0,0,0,0,0,0,0,0,0,0,1,0,0,0,2.0,3,1.0
1009,2,3.0,4.0,3,3,,3,2,1,1,0,0,1,1,0,0,0,0,0,0,0,0,,,5.0
1010,2,2.0,1.0,1,3,,2,3,0,0,0,0,0,0,0,0,0,0,0,1,0,1,,,8.0
1011,3,3.0,6.0,2,5,,3,3,0,0,0,0,0,0,0,0,0,0,0,1,0,0,,,1.0
1012,3,2.0,3.0,3,3,,2,3,0,0,0,0,0,0,0,0,0,0,0,1,0,1,,,5.0
1013,2,2.0,1.0,3,3,2,3,3,1,0,0,1,0,0,0,0,0,0,0,0,0,0,2.0,2,3.0
1014,2,7.0,6.0,2,3,,3,3,0,0,0,0,0,0,0,0,0,0,0,0,1,0,,,7.0
1015,2,3.0,4.0,1,3,,,,0,0,0,0,0,0,0,0,0,0,0,0,0,0,,,1.0
1016,2,2.0,1.0,3,3,,,,0,0,0,0,0,0,0,0,0,0,0,0,0,0,,,4.0
1017,2,3.0,6.0,3,3,,2,3,0,0,0,1,1,0,0,0,0,0,0,0,0,1,,,4.0
1018,2,3.0,5.0,2,3,,3,3,0,0,0,0,0,0,0,0,0,0,0,0,1,0,,,5.0
1019,2,3.0,5.0,3,6,,,,0,0,0,0,0,0,0,0,0,0,0,0,0,0,,,4.0
1020,3,3.0,3.0,3,3,,,,0,0,0,0,0,0,0,0,0,0,0,0,0,0,,,1.0
1021,2,3.0,6.0,3,3,,3,3,0,0,1,1,1,1,0,0,1,0,1,0,0,0,,,4.0
1022,2,7.0,4.0,1,3,,3,3,0,0,0,0,0,0,0,0,0,0,0,0,1,0,,,1.0
1023,2,5.0,9.0,3,3,3,3,3,0,0,1,1,0,0,0,0,0,0,1,0,0,0,2.0,3,5.0
1024,3,3.0,6.0,2,3,,3,3,0,0,0,1,1,1,0,0,0,1,0,0,0,0,,,6.0
1025,2,5.0,5.0,3,3,3,3,3,1,1,1,0,0,1,0,0,0,0,0,0,0,0,2.0,3,4.0
1026,3,3.0,6.0,3,3,,3,3,0,1,0,0,0,1,1,0,0,0,1,0,0,0,,,5.0
1027,,3.0,4.0,3,3,,2,3,0,0,0,0,0,0,0,0,0,0,0,1,0,1,,,5.0
1028,3,3.0,6.0,2,3,,3,3,0,0,0,0,1,0,0,0,0,0,0,0,0,0,,,8.0
1029,2,3.0,1.0,3,3,2,2,3,0,0,0,0,0,0,0,0,0,0,0,0,1,1,3.0,3,6.0
1030,2,2.0,3.0,1,3,,2,3,0,0,0,0,0,0,0,0,0,0,0,1,0,1,,,6.0
1031,2,3.0,5.0,3,5,,3,2,0,0,0,0,1,0,0,0,0,0,0,0,0,0,,,2.0
1032,3,7.0,3.0,2,3,,2,3,1,1,0,1,0,0,1,0,0,0,0,0,0,1,,,8.0
1033,2,3.0,,2,3,2,3,3,0,0,0,1,0,0,0,0,0,0,0,0,0,0,2.0,3,8.0
1034,3,2.0,2.0,3,3,3,3,3,1,0,0,0,0,0,0,0,0,0,0,0,0,0,3.0,3,5.0
1035,2,3.0,6.0,3,3,,3,3,1,1,0,0,0,0,0,0,1,0,0,0,0,0,,,7.0
1036,2,5.0,3.0,3,3,,3,2,0,0,0,0,0,0,0,0,0,0,0,1,0,0,,,6.0
1037,3,5.0,7.0,2,3,3,3,3,0,0,1,1,0,0,0,0,0,0,1,0,0,0,2.0,3,6.0
1038,2,3.0,5.0,3,3,,3,3,0,0,0,0,0,0,0,0,0,0,0,1,0,0,,,5.0
1039,3,3.0,6.0,2,3,,2,3,0,0,0,0,0,0,0,0,0,0,1,1,0,1,,,6.0
1040,3,3.0,4.0,3,3,,2,2,0,0,0,0,0,0,0,0,0,0,0,1,0,1,,,7.0
1041,2,3.0,4.0,2,3,3,3,3,0,0,0,1,0,0,0,0,0,0,1,0,0,0,2.0,3,1.0
1042,3,3.0,4.0,2,3,,2,3,0,0,0,0,0,0,0,0,0,0,0,1,0,1,,,7.0
1043,3,3.0,4.0,3,3,,2,3,0,0,0,1,1,1,0,0,0,0,1,0,0,1,,,6.0
1044,3,3.0,4.0,3,3,,3,3,0,0,0,0,0,0,0,0,0,0,0,0,1,0,,,4.0
1045,3,3.0,4.0,3,3,,3,3,0,0,0,0,0,0,0,0,0,0,1,0,0,0,,,5.0
1046,3,3.0,4.0,3,3,3,3,2,0,1,0,1,0,0,0,0,0,0,1,0,0,0,2.0,3,5.0
1047,3,5.0,1.0,3,6,,2,2,1,0,0,1,0,0,0,0,0,0,0,0,0,1,,,6.0
1048,3,3.0,4.0,3,3,,3,3,0,0,0,0,0,0,0,0,0,0,1,0,0,0,,,5.0
1049,2,3.0,6.0,2,3,,2,3,0,0,0,0,0,0,0,0,0,0,0,1,0,1,,,8.0
1050,2,7.0,6.0,3,3,,3,3,0,0,0,0,0,0,0,0,0,0,0,1,0,0,,,4.0
1051,3,3.0,3.0,3,6,,3,3,0,0,0,0,0,0,0,0,0,0,0,1,0,0,,,7.0
1052,2,5.0,7.0,3,3,,3,3,0,1,1,1,1,0,0,0,0,1,0,0,0,0,,,5.0
1053,3,3.0,4.0,3,6,,3,3,0,0,0,1,0,0,0,0,0,0,0,0,0,0,,,4.0
1054,2,1.0,7.0,3,3,,,,0,0,0,0,0,0,0,0,0,0,0,0,0,0,,,5.0
1055,3,3.0,6.0,3,6,,3,3,0,0,0,0,0,0,0,0,0,0,0,1,0,0,,,4.0
1056,3,2.0,1.0,3,3,3,3,3,1,1,1,1,1,0,0,0,0,0,0,0,0,0,2.0,3,4.0
1057,3,3.0,6.0,3,3,,,,0,0,0,0,0,0,0,0,0,0,0,0,0,0,,,4.0
1058,2,2.0,1.0,3,6,,3,3,0,0,0,0,0,0,0,0,0,1,1,0,0,0,,,2.0
1059,2,4.0,4.0,3,3,,3,3,0,0,0,0,0,0,0,0,0,0,0,1,0,0,,,6.0
1060,2,3.0,4.0,3,3,,2,3,0,0,0,1,0,0,0,0,0,0,0,0,0,1,,,4.0
1061,2,2.0,1.0,3,5,,3,3,0,1,0,0,0,0,0,0,0,0,1,0,0,0,,,4.0
1062,2,2.0,1.0,3,6,,3,3,0,1,0,0,0,0,0,0,0,0,1,0,0,0,,,5.0
1063,2,3.0,3.0,3,5,,3,3,0,0,0,0,0,0,0,0,0,0,0,0,1,0,,,6.0
1064,2,3.0,3.0,3,3,,3,3,0,0,0,0,0,0,0,0,0,0,0,1,0,0,,,4.0
1065,3,2.0,1.0,3,5,,2,3,1,0,0,0,0,0,0,0,0,0,0,0,0,1,,,5.0
1066,2,2.0,4.0,2,3,3,2,3,0,0,0,1,1,0,0,0,0,0,1,0,0,1,2.0,3,4.0
1067,3,5.0,7.0,2,3,,3,3,0,0,0,0,0,0,0,0,0,0,0,1,0,0,,,8.0
1068,3,3.0,1.0,2,3,,3,3,0,0,0,0,0,0,0,0,0,0,0,0,1,0,,,6.0
1069,3,3.0,4.0,3,6,,3,3,0,0,0,0,0,0,0,0,0,0,0,1,0,0,,,5.0
1070,3,3.0,4.0,2,5,,3,3,0,0,0,0,0,0,0,0,0,0,0,1,0,0,,,6.0
1071,2,3.0,4.0,3,5,,3,3,0,0,0,0,0,0,0,0,0,0,0,1,0,0,,,4.0
1072,3,3.0,6.0,3,3,2,2,3,0,1,0,1,0,0,0,0,0,0,0,0,0,1,2.0,2,7.0
1073,3,2.0,6.0,2,5,,2,3,0,0,0,0,0,0,0,0,0,0,0,1,0,1,,,5.0
1074,3,2.0,1.0,1,3,,2,3,0,0,0,0,0,0,0,0,0,0,0,1,0,1,,,1.0
1075,3,3.0,1.0,3,5,2,3,3,0,1,0,1,0,0,0,0,0,0,0,0,0,0,2.0,3,1.0
1076,2,3.0,5.0,3,6,2,3,3,1,0,0,0,0,0,0,0,0,0,0,0,0,0,3.0,2,4.0
1077,2,3.0,3.0,3,3,,2,3,0,0,0,0,0,0,0,0,0,0,0,0,1,1,,,5.0
1078,2,2.0,2.0,3,6,3,2,3,0,0,0,1,0,0,0,1,1,0,1,0,0,1,2.0,3,5.0
1079,3,3.0,6.0,2,5,2,3,3,1,0,0,1,0,0,0,0,0,0,0,0,0,0,2.0,3,6.0
1080,3,3.0,3.0,3,6,3,3,3,0,0,0,1,0,0,0,0,0,0,0,0,0,0,2.0,3,4.0
1081,2,3.0,5.0,2,3,2,3,3,1,1,1,1,1,0,0,0,0,0,1,0,0,0,3.0,3,4.0
1082,3,3.0,6.0,3,3,3,3,3,1,1,0,1,1,0,0,0,0,0,0,0,0,0,2.0,3,3.0
1083,2,5.0,3.0,3,5,3,2,3,0,1,0,1,0,1,0,0,0,0,1,0,0,1,3.0,3,4.0
1084,2,2.0,1.0,3,3,3,3,3,1,0,0,0,0,0,0,0,1,0,1,0,0,0,4.0,3,4.0
1085,2,2.0,1.0,3,3,2,3,3,0,0,0,1,0,0,0,0,0,0,0,0,0,0,2.0,3,4.0
1086,3,3.0,7.0,2,1,2,3,2,1,0,0,1,0,0,0,0,0,0,0,0,0,0,3.0,3,4.0
1087,3,3.0,3.0,3,3,3,2,2,1,1,0,1,1,0,0,0,1,0,0,0,0,1,3.0,3,1.0
1088,3,5.0,6.0,3,4,2,2,3,0,0,0,1,0,0,0,0,0,0,0,0,0,1,2.0,3,5.0
1089,3,3.0,6.0,2,3,3,3,3,0,1,0,1,1,1,0,0,0,1,0,0,0,0,2.0,3,5.0
1090,2,5.0,6.0,3,3,,2,3,0,0,0,0,0,0,0,0,0,0,0,1,0,1,,,5.0
1091,2,2.0,1.0,3,6,3,3,3,0,0,1,1,0,0,0,0,0,0,1,0,0,0,3.0,3,4.0
1092,2,5.0,7.0,3,3,2,2,3,0,1,1,1,1,0,0,0,1,0,1,0,0,1,2.0,3,6.0
1093,2,7.0,3.0,3,3,2,2,3,0,1,1,1,1,0,0,0,0,1,1,0,0,1,2.0,3,7.0
1094,3,2.0,2.0,3,6,,2,3,0,1,1,1,1,0,0,0,0,0,1,0,0,1,,,4.0
1095,3,5.0,6.0,2,6,,2,3,0,0,0,0,0,0,0,0,0,0,0,1,0,1,,,7.0
1096,2,5.0,7.0,3,6,3,2,3,0,0,0,1,0,0,0,0,0,0,1,0,0,1,2.0,3,8.0
1097,2,3.0,7.0,3,3,,,,0,0,0,0,0,0,0,0,0,0,0,0,0,0,,,8.0
1098,3,3.0,6.0,3,6,,2,2,0,0,0,0,0,0,0,0,0,0,0,1,0,1,,,4.0
1099,3,5.0,6.0,3,5,,3,3,0,1,1,1,0,0,0,0,0,0,1,0,0,0,,,5.0
1100,2,3.0,3.0,2,3,,,,0,0,0,0,0,0,0,0,0,0,0,0,0,0,,,7.0
1101,3,2.0,1.0,3,5,3,3,3,0,0,0,1,0,0,0,0,0,0,0,0,0,0,2.0,3,4.0
1102,2,3.0,5.0,2,3,3,2,3,0,0,0,1,1,0,0,0,0,0,0,0,0,1,2.0,3,6.0
1103,2,3.0,5.0,3,4,3,2,3,1,1,0,1,0,0,0,0,0,0,0,0,0,1,2.0,3,5.0
1104,2,5.0,5.0,3,2,,3,3,0,0,0,0,0,0,0,0,0,0,0,1,0,0,,,6.0
1105,2,3.0,3.0,3,6,3,3,3,0,0,0,1,1,0,0,0,0,0,0,0,0,0,2.0,3,5.0
1106,3,1.0,1.0,3,4,,2,3,0,0,0,0,0,0,0,0,0,0,0,1,0,1,,,4.0
1107,3,5.0,4.0,2,3,,3,3,0,1,0,0,0,0,0,0,0,0,0,0,0,0,,,8.0
1108,3,2.0,1.0,3,6,,,,0,0,0,0,0,0,0,0,0,0,0,0,0,0,,,6.0
1109,2,3.0,1.0,3,3,,,,0,0,0,0,0,0,0,0,0,0,0,0,0,0,,,5.0
1110,2,2.0,3.0,3,5,2,3,3,1,0,0,0,0,0,0,0,0,0,0,0,0,0,2.0,3,4.0
1111,3,5.0,7.0,2,5,3,3,2,0,1,1,1,1,1,0,0,1,0,0,0,0,0,2.0,3,7.0
1112,3,2.0,2.0,3,1,2,3,3,1,1,0,0,0,0,0,0,0,1,1,0,0,0,3.0,3,5.0
1113,2,5.0,7.0,3,3,,3,3,0,1,0,0,0,0,0,0,0,0,0,0,0,0,,,7.0
1114,2,3.0,3.0,3,6,3,3,3,0,0,0,1,0,0,0,0,0,0,0,0,0,0,2.0,3,4.0
1115,2,6.0,5.0,3,5,,3,3,0,0,0,0,0,0,0,0,0,0,0,1,0,0,,,7.0
1116,2,5.0,6.0,3,3,3,2,2,1,1,1,1,1,1,0,0,0,1,1,0,0,1,2.0,3,4.0
1117,2,3.0,7.0,3,1,,3,2,0,0,0,0,0,0,0,0,0,0,0,1,0,0,,,5.0
1118,3,3.0,6.0,3,3,3,2,2,0,0,0,0,0,0,0,0,0,0,0,0,1,1,2.0,3,4.0
1119,2,3.0,1.0,3,3,3,2,2,0,1,0,1,1,0,0,0,1,0,1,0,0,1,2.0,3,4.0
1120,2,3.0,5.0,3,6,3,3,2,1,1,0,1,0,1,0,0,0,0,0,0,0,0,2.0,3,5.0
1121,2,5.0,3.0,3,3,2,2,3,0,0,0,0,0,0,0,0,0,0,1,0,0,1,3.0,3,4.0
1122,3,2.0,1.0,3,3,3,3,3,1,1,0,1,1,1,1,1,1,1,1,0,0,0,2.0,3,3.0
1123,3,5.0,3.0,3,3,,2,3,0,0,0,0,0,1,0,0,0,0,0,1,0,1,,,7.0
1124,3,3.0,6.0,3,3,2,2,3,0,1,0,1,0,1,0,0,1,0,0,0,0,1,2.0,3,4.0
1125,3,5.0,4.0,2,3,3,2,3,1,1,0,1,1,0,0,0,0,0,0,0,1,1,2.0,3,7.0
1126,2,3.0,5.0,3,6,,,,0,0,0,0,0,0,0,0,0,0,0,0,0,0,,,4.0
1127,3,3.0,3.0,3,3,,3,3,0,0,0,0,0,0,0,0,0,0,0,0,1,0,,,4.0
1128,3,3.0,3.0,3,3,,3,3,0,1,0,0,0,0,0,0,0,0,1,0,0,0,,,5.0
1129,2,5.0,7.0,3,4,,,,0,0,0,0,0,0,0,0,0,0,0,0,0,0,,,5.0
1130,3,7.0,6.0,2,3,,3,3,0,0,0,0,0,0,0,0,0,0,0,0,1,0,,,7.0
1131,3,3.0,1.0,3,3,,,,0,0,0,0,0,0,0,0,0,0,0,0,0,0,,,4.0
1132,2,3.0,7.0,3,5,3,3,3,0,0,1,1,0,0,0,0,0,0,1,0,0,0,2.0,3,5.0
1133,2,2.0,4.0,3,3,,3,3,0,0,1,0,0,0,0,0,0,0,0,0,0,0,,,5.0
1134,3,5.0,7.0,3,3,,3,3,0,0,0,0,0,0,0,0,0,0,0,1,0,0,,,1.0
1135,2,7.0,7.0,3,3,,2,3,0,0,0,0,0,0,0,0,0,0,0,1,0,1,,,8.0
1136,3,5.0,4.0,3,3,,3,3,0,1,0,0,0,0,0,0,0,0,1,0,0,0,,,8.0
1137,2,3.0,5.0,3,3,3,3,3,0,1,0,1,0,0,0,0,0,0,0,0,0,0,2.0,3,4.0
1138,3,3.0,6.0,3,6,,,,0,0,0,0,0,0,0,0,0,0,0,0,0,0,,,2.0
1140,3,3.0,3.0,3,3,,3,3,0,1,0,0,0,0,0,0,0,0,0,0,0,0,,,5.0
1141,3,3.0,3.0,3,5,,,,0,0,0,0,0,0,0,0,0,0,0,0,0,0,,,4.0
1142,3,3.0,3.0,3,3,,3,3,0,0,0,0,0,0,0,0,0,0,1,0,0,0,,,5.0
1143,2,5.0,1.0,3,5,3,3,3,0,0,0,1,0,0,0,0,0,0,1,0,0,0,2.0,3,4.0
1144,2,5.0,7.0,2,3,,3,3,0,0,0,0,0,0,0,0,0,0,0,1,0,0,,,5.0
1145,2,2.0,3.0,3,5,,3,3,0,0,0,1,0,0,0,0,0,0,0,0,0,0,,,3.0
1146,2,5.0,7.0,3,6,3,3,3,0,0,0,0,0,0,0,0,0,0,0,0,1,0,2.0,3,4.0
1147,3,3.0,3.0,3,3,,3,3,0,0,0,0,0,0,0,0,0,0,0,1,0,0,,,6.0
1148,3,1.0,4.0,3,3,,3,3,0,0,0,1,0,0,0,0,0,0,0,1,0,0,,,5.0
1149,2,3.0,3.0,2,3,,3,3,0,0,0,0,0,0,0,0,0,0,0,0,1,0,,,5.0
1150,2,3.0,3.0,3,3,,3,3,0,0,0,0,0,0,0,0,0,0,0,1,0,0,,,5.0
1151,3,3.0,3.0,3,6,3,3,3,0,1,0,1,0,0,0,0,0,0,0,0,0,0,2.0,3,8.0
1152,2,2.0,3.0,3,3,,,,0,0,0,0,0,0,0,0,0,0,0,0,0,0,,,5.0
1153,2,3.0,3.0,3,6,,3,3,0,0,0,0,1,0,0,0,0,0,0,0,0,0,,,4.0
1154,,,,1,5,,3,1,0,1,0,0,0,0,1,0,0,0,1,0,0,0,,,7.0
1155,2,5.0,3.0,3,3,,3,3,0,0,0,0,0,0,0,0,0,0,1,1,0,0,,,6.0
1156,3,5.0,6.0,3,3,,3,3,0,0,0,0,0,0,0,0,0,0,0,1,0,0,,,4.0
1157,2,3.0,6.0,3,3,,3,3,0,0,0,0,0,0,0,0,0,0,0,1,0,0,,,5.0
1158,3,5.0,1.0,3,3,,3,3,0,0,0,0,0,0,0,0,0,0,0,1,0,0,,,5.0
1159,3,3.0,3.0,2,5,,3,3,0,0,0,1,0,0,0,0,0,0,0,0,0,0,,,6.0
1160,2,5.0,5.0,3,3,,3,3,0,1,0,0,0,0,0,0,0,1,0,0,0,0,,,4.0
1161,3,3.0,6.0,3,5,,3,3,0,0,0,0,0,0,0,0,0,0,0,1,0,0,,,6.0
1162,2,3.0,7.0,3,3,,2,3,0,0,0,0,0,0,0,0,0,0,0,1,0,1,,,5.0
1163,3,5.0,3.0,3,5,,2,3,0,0,1,0,1,0,0,0,0,0,0,0,0,1,,,4.0
1164,3,3.0,1.0,3,5,,2,3,0,0,0,0,0,0,0,0,0,0,0,0,1,1,,,6.0
1165,2,5.0,5.0,2,5,3,2,3,0,0,1,1,0,0,0,0,0,0,0,0,0,1,2.0,3,5.0
1166,2,2.0,4.0,3,3,2,3,3,0,0,0,1,0,0,0,0,0,0,0,0,0,0,2.0,3,5.0
1167,3,3.0,3.0,3,3,3,3,3,0,0,1,0,0,0,0,0,0,0,0,0,0,0,2.0,3,3.0
1168,3,3.0,6.0,3,5,3,3,3,0,1,0,1,0,0,0,0,0,0,0,0,0,0,2.0,3,7.0
1169,3,2.0,1.0,1,6,,,,0,0,0,0,0,0,0,0,0,0,0,0,0,0,,,5.0
1170,2,2.0,2.0,3,5,,3,3,0,1,0,1,1,0,0,0,0,1,1,0,0,0,,,5.0
1171,2,5.0,3.0,3,3,3,3,3,0,0,0,0,0,0,0,0,0,0,1,0,1,0,2.0,3,4.0
1172,3,3.0,3.0,3,6,2,2,3,1,0,0,1,0,0,0,0,0,0,0,0,0,1,2.0,3,5.0
1173,2,3.0,3.0,2,3,3,3,3,1,0,0,0,1,1,0,0,0,0,0,0,0,0,2.0,3,5.0
1174,3,3.0,7.0,2,3,,,,0,0,0,0,0,0,0,0,0,0,0,0,0,0,,,5.0
1175,3,3.0,8.0,2,3,2,3,3,0,0,0,1,0,0,0,0,0,0,0,0,0,0,2.0,3,9.0
1176,3,7.0,8.0,2,3,,3,3,0,0,0,0,0,0,0,0,0,0,0,0,1,0,,,10.0
1177,3,5.0,1.0,2,3,3,2,2,1,1,0,1,1,0,0,0,0,0,0,0,0,1,3.0,3,6.0
1178,2,3.0,4.0,3,1,2,3,3,0,0,0,1,0,0,0,0,0,0,1,1,0,0,2.0,3,5.0
1179,3,3.0,4.0,3,3,,3,3,0,1,0,0,0,0,0,0,0,0,1,0,0,0,,,5.0
1180,2,3.0,4.0,3,3,,3,3,0,0,0,0,0,0,0,0,0,0,1,0,0,0,,,6.0
1181,3,2.0,3.0,3,3,3,3,3,1,0,1,0,0,0,0,0,0,0,1,0,0,0,3.0,3,6.0
1182,2,3.0,4.0,3,3,,2,3,0,0,0,0,0,1,0,0,0,0,1,0,0,1,,,2.0
1183,3,3.0,4.0,2,3,,2,3,0,0,0,1,0,0,0,0,0,0,0,0,0,1,,,7.0
1184,2,2.0,6.0,3,3,3,3,3,0,0,0,1,0,0,0,0,0,0,0,1,0,0,3.0,3,7.0
1185,2,5.0,3.0,3,5,3,3,3,0,0,0,1,0,0,0,0,0,0,0,0,0,0,2.0,3,7.0
1186,2,5.0,4.0,3,3,,3,3,0,1,0,0,0,0,0,0,0,0,1,0,0,0,,,6.0
1187,2,3.0,4.0,2,3,,2,3,0,0,0,0,0,0,0,0,0,0,0,1,0,1,,,6.0
1188,3,3.0,1.0,2,3,3,3,3,0,0,0,0,0,0,0,0,0,0,0,0,1,0,3.0,3,1.0
1189,3,3.0,7.0,3,3,3,2,2,0,0,0,0,0,0,0,0,0,0,0,0,1,1,2.0,3,6.0
1190,2,1.0,4.0,3,4,2,2,3,0,0,0,1,0,0,0,0,0,0,0,0,0,1,2.0,2,7.0
1191,3,5.0,8.0,2,6,,,,0,0,0,0,0,0,0,0,0,0,0,0,0,0,,,8.0
1192,3,2.0,2.0,2,3,,3,3,0,0,0,0,0,0,0,0,0,0,1,0,0,0,,,1.0
1193,3,3.0,3.0,3,5,,3,3,0,0,0,0,0,0,0,0,0,0,0,1,1,0,,,6.0
1194,2,3.0,4.0,3,5,,3,3,0,0,0,0,0,0,0,0,0,0,0,1,0,0,,,5.0
1195,2,5.0,7.0,3,5,,2,3,0,0,0,0,0,0,0,0,0,0,0,0,1,1,,,6.0
1196,2,2.0,1.0,3,5,3,3,3,0,0,0,0,0,0,0,0,0,0,0,1,1,0,2.0,3,4.0
1197,3,3.0,6.0,2,3,,2,3,0,0,0,0,0,0,0,0,0,0,0,0,1,1,,,5.0
1198,2,3.0,5.0,3,5,3,2,3,0,1,1,1,1,0,1,0,1,1,1,0,1,1,2.0,3,4.0
1199,3,3.0,3.0,3,3,,,,0,0,0,0,0,0,0,0,0,0,0,0,0,0,,,5.0
1200,2,3.0,3.0,2,3,3,3,3,0,1,1,1,0,0,0,0,0,0,0,0,0,0,2.0,3,6.0
1201,3,3.0,1.0,2,3,,3,3,0,0,0,1,0,0,0,0,0,0,0,0,0,0,,,5.0
1202,3,2.0,2.0,3,5,,,,0,0,0,0,0,0,0,0,0,0,0,0,0,0,,,4.0
1203,3,5.0,3.0,3,5,,,,0,0,0,0,0,0,0,0,0,0,0,0,0,0,,,1.0
1204,3,3.0,1.0,3,3,2,3,3,1,0,0,1,0,0,0,0,0,0,0,0,0,0,3.0,3,4.0
1205,3,3.0,3.0,3,6,,2,3,1,1,0,1,0,0,0,0,0,0,0,1,0,1,,,5.0
1206,2,3.0,5.0,3,5,3,3,3,1,0,0,1,0,0,0,0,0,0,0,0,0,0,2.0,2,4.0
1207,2,2.0,4.0,2,5,2,2,3,1,0,0,1,1,1,0,0,0,0,0,0,0,1,2.0,3,4.0
1208,2,3.0,4.0,3,3,3,3,3,1,1,0,1,0,0,0,0,0,0,1,0,0,0,3.0,3,4.0
1209,2,3.0,7.0,3,5,,2,3,0,1,0,1,1,0,0,0,0,0,1,0,0,1,,,4.0
1210,3,3.0,1.0,2,4,,2,3,0,0,0,0,0,0,0,0,0,1,0,0,0,1,,,4.0
1211,3,3.0,7.0,3,4,,,,0,0,0,0,0,0,0,0,0,0,0,0,0,0,,,5.0
1212,2,3.0,6.0,3,3,2,3,3,0,0,1,1,0,1,0,0,0,0,0,0,0,0,3.0,3,1.0
1213,3,3.0,6.0,3,5,,,,0,0,0,0,0,0,0,0,0,0,0,0,0,0,,,2.0
1214,2,2.0,6.0,3,3,2,3,3,0,0,0,1,0,0,0,0,0,0,0,0,0,0,2.0,3,4.0
1215,2,3.0,1.0,3,6,,,,0,0,0,0,0,0,0,0,0,0,0,0,0,0,,,4.0
1216,3,3.0,6.0,3,3,2,3,2,0,0,0,1,0,0,0,0,0,0,0,0,0,0,2.0,2,3.0
1217,3,3.0,7.0,3,3,2,3,2,0,1,0,1,1,0,0,0,0,0,1,0,0,0,2.0,3,5.0
1218,2,3.0,1.0,3,5,2,3,3,0,0,0,0,0,0,0,0,0,0,1,0,0,0,2.0,3,5.0
1219,2,3.0,3.0,3,3,2,3,3,1,1,0,1,1,0,1,1,0,0,0,0,0,0,2.0,3,2.0
1220,3,3.0,6.0,2,3,3,2,3,1,0,0,1,0,0,0,0,0,0,0,0,0,1,3.0,3,4.0
1221,2,3.0,1.0,2,2,3,2,3,1,0,0,1,1,0,0,0,0,0,0,0,0,1,2.0,3,4.0
1222,3,2.0,3.0,3,3,3,2,3,0,1,0,1,1,0,0,0,0,0,1,0,0,1,2.0,3,6.0
1223,2,2.0,4.0,3,3,,2,2,0,0,0,1,0,0,0,0,0,0,0,0,0,1,,,4.0
1224,2,3.0,1.0,3,3,2,3,3,0,1,0,1,1,0,0,0,1,0,0,0,0,0,3.0,3,4.0
1225,3,3.0,7.0,2,3,3,3,3,1,1,0,1,0,0,0,0,0,0,1,0,0,0,2.0,3,5.0
1226,3,2.0,1.0,3,3,2,3,3,0,0,0,1,0,1,0,0,0,0,1,0,0,0,2.0,2,4.0
1227,3,3.0,4.0,3,3,3,3,3,0,0,0,0,0,0,0,0,0,0,0,0,1,0,2.0,3,4.0
1228,2,5.0,6.0,2,3,3,3,2,0,0,0,1,0,0,0,0,0,0,0,0,0,0,2.0,3,6.0
1229,2,3.0,5.0,3,6,3,3,3,1,0,0,1,1,0,0,0,0,0,0,0,0,0,2.0,3,1.0
1230,3,5.0,6.0,2,3,3,3,3,1,0,0,0,0,0,0,0,0,0,0,0,0,0,3.0,3,7.0
1231,3,3.0,4.0,3,3,1,1,3,0,0,0,1,0,0,0,0,0,0,1,0,0,0,2.0,3,4.0
1232,3,3.0,3.0,3,3,2,2,3,1,1,1,1,1,0,0,0,1,0,0,0,0,1,2.0,3,5.0
1233,3,3.0,9.0,2,3,,3,3,0,0,0,0,0,0,0,0,0,0,0,1,0,0,,,8.0
1234,3,3.0,3.0,3,6,,3,3,0,0,0,0,0,0,0,0,0,0,0,1,0,0,,,5.0
1235,3,3.0,3.0,2,3,3,3,3,0,0,1,1,1,1,1,0,0,1,1,0,0,0,2.0,2,6.0
1236,3,7.0,6.0,2,3,,3,3,0,0,0,0,0,0,0,0,0,0,0,1,0,0,,,8.0
1237,3,3.0,3.0,3,3,,,,0,0,0,0,0,0,0,0,0,0,0,0,0,0,,,6.0
1238,3,3.0,6.0,2,3,,3,3,0,0,0,0,0,0,0,0,0,0,1,0,0,0,,,1.0
1239,3,5.0,8.0,2,3,3,3,3,0,0,1,1,1,0,0,0,0,0,0,0,0,0,2.0,3,6.0
1240,2,3.0,3.0,3,3,3,3,3,1,0,0,1,0,0,0,0,0,0,0,0,0,0,2.0,3,7.0
1241,2,3.0,4.0,3,3,,3,3,0,1,0,1,0,1,0,0,0,0,1,0,0,0,,,5.0
1242,2,3.0,3.0,3,3,2,2,3,0,0,0,0,0,0,0,0,0,0,0,0,1,1,2.0,3,4.0
1243,3,3.0,7.0,2,5,,2,3,0,0,0,0,0,0,0,0,0,0,0,1,0,1,,,4.0
1244,2,7.0,7.0,3,5,3,3,3,1,0,0,0,0,0,0,0,0,0,0,0,0,0,2.0,3,7.0
1245,2,3.0,1.0,3,3,3,2,2,0,0,0,1,0,0,0,0,0,0,1,0,0,1,4.0,3,4.0
1246,3,3.0,4.0,3,3,,3,3,0,0,0,0,0,0,0,0,0,1,0,1,0,0,,,7.0
1247,3,3.0,4.0,3,3,,3,3,0,1,0,0,0,0,0,0,0,0,1,0,0,0,,,5.0
1248,2,5.0,3.0,3,3,2,3,3,0,0,0,1,0,1,0,0,0,1,1,0,0,0,2.0,3,5.0
1249,3,5.0,3.0,3,3,,3,3,0,0,0,0,0,0,0,0,0,0,0,0,1,0,,,4.0
1250,3,3.0,6.0,3,1,,3,3,0,0,0,0,0,0,0,0,0,0,1,0,0,0,,,5.0
1251,3,5.0,6.0,2,3,2,2,3,0,0,0,0,0,0,0,0,0,0,0,0,1,1,2.0,3,10.0
1252,2,,,1,3,2,3,3,0,1,0,1,0,0,0,0,0,1,1,0,0,0,2.0,3,4.0
1253,3,3.0,1.0,3,3,3,2,3,0,0,0,1,1,0,0,0,0,0,0,0,0,1,2.0,3,4.0
1254,3,2.0,4.0,3,3,3,3,2,0,0,0,0,0,0,0,0,0,0,1,0,1,0,2.0,3,5.0
1255,3,3.0,4.0,3,5,,3,3,0,0,0,0,0,0,0,0,0,1,1,0,0,0,,,5.0
1256,3,3.0,6.0,2,3,3,2,3,1,0,0,0,0,0,0,0,0,0,0,0,0,1,2.0,3,6.0
1257,2,3.0,4.0,3,3,3,2,3,0,0,0,1,0,0,0,0,0,0,1,0,0,1,2.0,3,5.0
1258,2,3.0,6.0,3,3,3,3,2,0,0,0,1,0,0,0,0,0,0,0,0,0,0,2.0,3,5.0
1259,2,5.0,1.0,3,5,,2,3,0,1,0,1,1,0,0,0,0,1,1,0,0,1,,,5.0
1260,3,6.0,6.0,3,5,2,3,3,1,0,0,1,0,0,0,0,0,0,0,1,0,0,3.0,3,5.0
1261,2,8.0,7.0,2,3,2,2,3,0,0,0,1,1,1,0,0,0,1,1,0,0,1,2.0,3,7.0
1262,2,2.0,1.0,2,3,2,3,3,1,0,0,1,0,0,0,0,0,0,0,0,0,0,3.0,3,4.0
1263,3,2.0,1.0,3,5,,,,0,0,0,0,0,0,0,0,0,0,0,0,0,0,,,4.0
1264,3,3.0,3.0,3,5,2,3,3,1,0,0,0,0,0,0,0,0,0,0,0,0,0,3.0,3,4.0
1265,2,2.0,3.0,2,3,3,2,3,1,1,1,1,0,0,0,0,0,0,0,0,0,1,2.0,3,8.0
1266,2,5.0,1.0,3,3,2,3,3,1,1,0,1,0,0,0,0,0,0,1,0,0,0,2.0,3,4.0
1267,3,3.0,7.0,3,3,3,2,3,0,0,0,1,1,1,0,0,0,0,1,0,0,1,2.0,3,5.0
1268,3,3.0,3.0,3,3,2,2,2,0,0,0,1,0,0,0,0,0,0,0,0,0,1,2.0,3,5.0
1269,2,3.0,6.0,2,3,3,2,3,0,1,0,1,0,0,0,0,0,0,0,0,0,1,2.0,3,1.0
1270,2,3.0,7.0,2,6,,3,2,0,0,0,0,0,0,0,0,0,0,0,1,0,0,,,1.0
1271,3,3.0,3.0,3,3,,2,3,0,0,0,0,1,0,1,0,1,0,0,0,0,1,,,5.0
1272,3,3.0,6.0,3,3,,3,3,0,0,0,1,0,0,0,1,1,0,0,0,0,0,,,3.0
1273,2,5.0,7.0,3,3,,2,3,0,0,0,0,0,0,0,0,0,0,0,0,1,1,,,5.0
1274,2,3.0,3.0,3,3,2,3,3,1,0,0,1,1,0,0,0,1,0,0,0,0,0,3.0,3,5.0
1275,2,2.0,2.0,1,3,,2,3,0,0,0,0,1,0,0,0,0,0,0,0,0,1,,,7.0
1276,2,3.0,5.0,3,3,,3,3,0,0,1,1,0,1,0,0,0,0,1,0,0,0,,,4.0
1277,3,5.0,6.0,3,3,2,3,3,0,0,0,1,0,0,0,0,0,0,0,0,0,0,2.0,2,5.0
1278,2,5.0,7.0,3,6,,3,3,0,0,0,0,0,0,0,0,0,0,0,1,0,0,,,4.0
1279,2,3.0,6.0,3,4,,3,2,0,0,0,1,0,0,0,1,1,1,1,0,0,0,,,3.0
1280,3,2.0,2.0,3,5,,2,3,0,0,0,0,0,0,0,0,0,0,1,0,0,1,,,7.0
1281,2,3.0,7.0,3,3,,3,3,0,1,0,1,0,0,0,0,0,0,0,0,0,0,,,5.0
1282,2,3.0,3.0,3,4,,3,3,0,0,0,0,0,0,0,0,0,0,0,1,0,0,,,5.0
1283,3,2.0,2.0,3,3,,3,3,0,0,0,1,0,0,0,0,0,0,0,0,0,0,,,1.0
1284,2,5.0,6.0,2,3,,2,3,0,1,0,1,0,0,0,0,0,0,0,0,0,1,,,5.0
1285,2,3.0,4.0,3,3,,3,3,0,0,1,0,0,0,0,0,0,0,0,0,0,0,,,4.0
1286,3,3.0,4.0,3,6,3,3,3,0,0,0,1,0,0,0,0,0,0,0,0,0,0,2.0,3,5.0
1287,3,3.0,4.0,3,3,,3,3,0,1,0,0,1,0,0,0,0,0,1,0,0,0,,,5.0
1288,2,5.0,6.0,3,3,,3,1,0,0,0,0,0,0,0,0,0,0,1,0,0,0,,,5.0
1289,2,5.0,5.0,2,3,,1,3,0,0,1,1,0,0,0,0,0,0,0,0,0,0,,,7.0
1290,2,6.0,7.0,2,3,,3,3,0,0,1,0,0,0,0,0,0,0,0,1,0,0,,,6.0
1291,2,3.0,4.0,3,3,3,3,3,0,0,1,0,0,0,0,0,0,0,0,0,0,0,2.0,3,6.0
1292,2,5.0,6.0,2,3,,3,3,0,0,0,0,0,1,0,0,0,0,0,0,0,0,,,6.0
1293,3,2.0,2.0,3,3,2,2,2,0,0,0,1,0,0,0,0,1,0,0,0,0,1,3.0,3,2.0
1294,3,3.0,3.0,3,5,3,3,3,1,0,0,1,0,0,0,0,1,0,0,0,0,0,1.0,3,4.0
1295,2,3.0,6.0,3,5,,3,3,0,0,1,0,0,0,0,0,0,0,0,0,0,0,,,5.0
1296,2,5.0,1.0,3,3,2,3,3,0,0,1,0,0,0,0,0,0,0,0,0,0,0,3.0,3,6.0
1297,2,3.0,5.0,3,3,,,,0,0,0,0,0,0,0,0,0,0,0,0,0,0,,,5.0
1298,3,3.0,6.0,2,3,,3,3,0,0,0,0,0,0,0,0,0,0,0,0,1,0,,,7.0
1299,2,5.0,6.0,3,3,,3,3,0,0,0,0,0,0,0,0,0,0,0,1,0,0,,,4.0
1300,2,5.0,4.0,3,3,,3,3,0,0,0,0,0,0,0,0,0,0,0,0,1,0,,,1.0
1301,3,5.0,6.0,3,3,,3,3,0,0,0,0,0,0,0,0,0,0,0,1,0,0,,,7.0
1302,3,7.0,4.0,2,3,,3,3,0,1,0,0,0,0,0,0,0,0,0,0,0,0,,,8.0
1303,3,2.0,6.0,3,5,,3,3,0,0,0,0,0,0,0,0,0,0,0,1,0,0,,,3.0
1304,2,3.0,4.0,1,3,,3,3,0,0,0,0,0,0,0,0,0,0,0,1,0,0,,,6.0
1305,2,3.0,7.0,3,3,3,2,3,0,0,1,1,0,1,0,0,0,0,0,0,0,1,4.0,3,5.0
1306,3,4.0,6.0,3,3,3,2,2,1,1,0,1,0,0,0,0,0,0,0,0,0,1,2.0,3,5.0
1307,2,5.0,6.0,3,3,3,3,3,0,0,0,0,0,0,0,0,0,0,0,0,1,0,4.0,3,3.0
1308,2,7.0,7.0,2,3,,2,3,1,1,0,0,1,1,1,1,0,1,1,0,0,1,,,8.0
1309,3,3.0,7.0,2,3,,,,0,0,0,0,0,0,0,0,0,0,0,0,0,0,,,5.0
1310,3,3.0,4.0,3,3,,,,0,0,0,0,0,0,0,0,0,0,0,0,0,0,,,4.0
1311,3,5.0,7.0,3,3,,2,3,0,0,0,0,0,0,0,0,0,0,0,1,0,1,,,1.0
1312,3,3.0,1.0,2,3,,,,0,0,0,0,0,0,0,0,0,0,0,0,0,0,,,1.0
1313,3,2.0,1.0,1,3,3,2,3,1,0,0,0,0,0,0,0,0,0,0,0,1,1,4.0,3,3.0
1314,2,3.0,5.0,3,5,3,2,3,1,0,0,1,1,0,0,0,0,0,0,0,0,1,3.0,3,5.0
1315,3,5.0,3.0,3,3,2,3,3,1,1,0,1,1,0,0,0,0,0,0,0,0,0,2.0,3,4.0
1316,3,1.0,6.0,3,1,,3,2,1,1,1,1,0,0,0,0,0,0,0,0,0,0,,,5.0
1317,3,5.0,3.0,3,5,,2,3,0,1,0,0,0,0,0,0,0,0,0,0,0,1,,,3.0
1318,3,3.0,4.0,2,3,,,,0,0,0,0,0,0,0,0,0,0,0,0,0,0,,,6.0
1319,2,3.0,1.0,3,3,3,3,3,0,0,0,1,0,0,0,0,1,0,1,0,0,0,2.0,2,3.0
1320,2,5.0,7.0,3,3,3,3,2,1,1,1,1,1,1,1,1,1,1,1,0,0,0,2.0,3,5.0
1321,2,3.0,4.0,2,1,,3,3,0,0,0,1,0,0,0,0,0,0,0,0,0,0,,,5.0
1322,2,3.0,3.0,3,3,3,3,3,0,0,0,0,1,0,0,0,0,0,0,0,0,0,2.0,3,5.0
1323,2,3.0,3.0,3,3,3,3,3,0,0,0,1,0,0,0,0,0,0,0,0,0,0,2.0,3,5.0
1324,2,2.0,1.0,2,5,2,3,3,0,0,0,0,0,0,0,0,0,0,0,0,1,0,2.0,2,4.0
1325,2,5.0,7.0,3,3,2,3,3,0,1,0,1,0,1,0,0,1,0,0,0,0,0,2.0,3,6.0
1326,2,3.0,6.0,3,3,3,3,3,0,0,1,1,1,0,0,0,0,0,1,0,0,0,3.0,3,5.0
1327,3,1.0,6.0,3,5,,3,3,0,0,0,0,0,0,0,0,1,0,1,0,0,0,,,5.0
1328,3,3.0,3.0,3,3,3,2,3,0,1,1,1,1,1,0,0,0,0,1,0,0,1,4.0,3,3.0
1329,3,2.0,2.0,3,3,3,3,3,1,1,0,1,1,1,0,0,0,0,0,0,0,0,2.0,2,2.0
1330,3,3.0,3.0,3,4,,2,3,0,0,0,1,0,0,0,0,0,0,0,0,0,1,,,3.0
1331,2,2.0,3.0,3,3,2,3,3,1,0,0,1,0,0,0,0,1,0,0,0,0,0,3.0,3,5.0
1332,2,3.0,7.0,3,3,2,3,3,1,1,0,1,0,0,1,0,1,0,0,0,0,0,2.0,3,1.0
1333,3,3.0,3.0,3,3,3,3,3,1,0,0,1,0,0,0,0,0,0,0,0,0,0,3.0,3,4.0
1334,3,3.0,4.0,3,3,,,,0,0,0,0,0,0,0,0,0,0,0,0,0,0,,,7.0
1335,3,8.0,8.0,2,3,,,,0,0,0,0,0,0,0,0,0,0,0,0,0,0,,,10.0
1336,2,2.0,2.0,3,3,3,2,2,1,0,0,1,0,1,0,0,0,0,1,0,0,1,2.0,3,7.0
1337,2,5.0,3.0,3,5,3,2,3,1,0,0,1,1,1,0,0,0,0,0,0,0,1,2.0,3,4.0
1338,3,3.0,6.0,3,3,3,3,3,1,0,0,0,0,0,0,0,0,0,1,0,0,0,3.0,3,5.0
1339,3,3.0,3.0,3,3,,2,2,0,0,0,0,0,0,0,0,0,0,1,0,0,1,,,4.0
1340,2,5.0,1.0,3,6,2,2,3,1,0,1,1,1,1,0,0,0,1,1,0,0,1,2.0,3,3.0
1341,3,3.0,3.0,2,3,3,3,3,0,0,0,0,0,0,0,0,0,0,0,0,1,0,2.0,3,9.0
1342,2,7.0,7.0,3,6,,3,3,0,0,0,0,0,0,0,0,0,0,0,1,0,0,,,7.0
1343,2,3.0,3.0,2,3,,2,3,0,0,0,0,0,0,0,0,0,0,0,0,1,1,,,5.0
1344,2,1.0,6.0,3,3,,3,3,0,0,0,0,0,0,0,0,0,0,0,1,0,0,,,6.0
1345,3,5.0,7.0,3,3,2,2,3,1,1,0,1,0,0,0,0,1,1,1,0,0,1,3.0,3,1.0
1346,3,3.0,6.0,2,3,,3,3,0,0,0,0,0,0,0,0,0,0,0,1,0,0,,,4.0
1347,2,3.0,1.0,3,,,,,0,0,0,0,0,0,0,0,0,0,0,0,0,0,,,
1348,2,5.0,7.0,2,6,,3,3,0,0,0,0,0,0,0,0,0,0,0,1,0,0,,,6.0
1349,2,5.0,6.0,3,3,,,,0,0,0,0,0,0,0,0,0,0,0,0,0,0,,,4.0
1350,3,3.0,3.0,3,5,3,3,3,1,1,0,1,0,0,0,0,0,0,1,0,1,0,2.0,3,4.0
1351,2,7.0,6.0,2,3,,3,3,0,0,0,1,1,0,0,0,0,0,0,0,0,0,,,5.0
1352,3,3.0,3.0,3,6,,3,3,0,0,0,0,0,0,0,0,0,0,0,1,0,0,,,6.0
1353,2,3.0,5.0,3,3,2,3,3,0,0,0,1,0,0,0,0,0,0,1,0,0,0,2.0,3,5.0
1354,3,2.0,4.0,3,5,2,2,3,0,0,0,1,1,0,0,0,0,1,1,0,0,1,3.0,3,4.0
1355,3,5.0,7.0,3,3,2,3,2,0,0,0,1,0,0,0,0,0,0,0,0,0,0,1.0,1,4.0
1356,2,5.0,5.0,2,3,,2,3,1,1,0,1,1,0,0,0,0,0,0,0,0,1,,,8.0
1357,3,3.0,6.0,3,3,3,2,3,0,1,0,1,0,1,0,0,0,0,0,0,0,1,2.0,2,6.0
1358,3,5.0,7.0,3,3,3,2,3,1,1,1,1,0,0,0,0,0,0,0,1,0,1,2.0,3,8.0
1359,3,3.0,3.0,3,3,2,3,3,1,1,0,1,0,1,0,0,1,1,1,0,0,0,3.0,3,5.0
1360,3,5.0,3.0,3,5,2,2,3,0,1,0,0,0,0,0,0,0,0,0,0,0,1,3.0,3,6.0
1361,3,3.0,3.0,3,3,3,3,3,0,0,1,1,1,0,0,0,1,0,1,0,0,0,3.0,3,2.0
1362,2,7.0,6.0,2,3,,3,3,0,0,0,0,0,0,0,0,0,0,0,1,0,0,,,1.0
1363,2,3.0,4.0,3,3,3,2,3,0,0,0,1,1,0,0,0,0,0,0,0,1,1,2.0,3,5.0
1364,2,3.0,4.0,3,3,2,3,3,1,0,0,1,0,0,0,0,0,0,0,0,0,0,2.0,3,4.0
1365,3,2.0,2.0,2,5,3,2,3,0,1,0,1,1,1,0,0,1,1,1,0,0,1,3.0,3,4.0
1366,3,3.0,3.0,3,3,,2,3,1,1,0,1,1,0,0,0,0,0,1,0,0,1,,,7.0
1367,2,2.0,2.0,1,6,,3,3,0,0,0,0,0,1,0,0,0,0,1,0,0,0,,,1.0
1368,2,5.0,6.0,2,6,3,3,3,1,1,0,1,0,0,0,0,0,0,0,0,0,0,2.0,3,1.0
1369,3,3.0,1.0,3,3,2,3,3,0,1,0,1,0,0,0,0,1,1,1,0,0,0,3.0,3,1.0
1370,3,3.0,3.0,3,3,,3,3,1,1,0,0,0,0,0,0,0,0,1,0,0,0,,,7.0
1371,2,5.0,6.0,3,5,,1,3,0,1,0,0,1,1,0,1,0,0,1,0,0,0,,,5.0
1372,3,2.0,4.0,3,5,3,3,3,1,1,0,1,0,1,0,0,1,0,0,0,0,0,2.0,3,5.0
1373,3,3.0,3.0,3,3,3,3,2,1,1,1,1,0,1,1,1,1,1,1,0,0,0,2.0,3,5.0
1374,,2.0,6.0,3,3,3,2,3,0,0,0,1,0,0,0,0,0,0,0,0,0,1,2.0,3,1.0
1375,2,5.0,6.0,3,3,,3,3,0,0,0,1,0,0,0,0,0,0,1,0,0,0,,,5.0
1376,3,3.0,3.0,3,3,3,2,2,1,1,0,1,0,1,0,0,0,1,0,0,0,1,2.0,3,5.0
1377,3,3.0,7.0,3,3,2,2,3,0,0,0,1,0,1,0,0,0,0,1,0,0,1,2.0,3,6.0
1378,2,7.0,7.0,2,3,3,3,3,1,1,1,1,0,0,0,0,1,0,0,0,0,0,2.0,3,7.0
1379,3,5.0,7.0,2,3,3,3,2,0,1,0,1,0,0,0,0,0,0,0,0,0,0,2.0,3,6.0
1380,3,3.0,3.0,3,5,2,2,3,0,1,0,1,0,0,0,0,0,0,0,0,0,1,3.0,3,4.0
1381,3,3.0,4.0,2,3,,3,2,0,0,0,0,0,0,0,0,0,0,0,0,1,0,,,4.0
1382,2,5.0,6.0,3,3,3,3,3,0,0,0,1,0,0,0,0,0,0,0,0,0,0,2.0,3,4.0
1383,2,5.0,7.0,3,6,2,2,3,1,0,0,1,0,0,0,0,0,0,0,0,0,1,2.0,3,6.0
1384,2,3.0,3.0,3,3,3,2,3,0,0,0,1,0,0,0,0,0,0,0,0,0,1,2.0,3,6.0
1385,2,8.0,8.0,3,3,3,3,3,0,0,0,0,0,0,0,0,0,0,0,1,0,0,2.0,3,7.0
1386,3,3.0,7.0,3,3,3,2,3,0,1,0,1,1,1,0,0,0,0,1,0,0,1,2.0,3,4.0
1387,2,3.0,3.0,3,3,2,3,2,1,0,0,0,0,0,0,0,0,0,0,0,0,0,2.0,3,3.0
1388,2,3.0,3.0,3,6,3,3,3,1,1,0,1,0,0,0,0,0,0,0,0,0,0,2.0,3,4.0
1389,2,3.0,4.0,3,3,3,2,3,1,1,0,1,1,0,0,0,0,0,0,0,0,1,4.0,3,5.0
1390,2,3.0,6.0,3,5,2,3,3,1,1,0,1,0,1,0,0,0,0,1,0,0,0,3.0,3,4.0
1391,3,3.0,6.0,2,5,2,2,2,0,1,0,1,0,0,0,0,1,0,0,0,0,1,2.0,3,5.0
1392,3,5.0,7.0,3,5,,,,0,0,0,0,0,0,0,0,0,0,0,0,0,0,,,5.0
1393,3,5.0,7.0,2,3,,,,0,0,0,0,0,0,0,0,0,0,0,0,0,0,,,5.0
1394,2,3.0,5.0,3,3,,3,3,0,0,0,0,0,0,0,0,0,0,0,0,1,0,,,2.0
1395,3,3.0,6.0,2,3,,2,3,0,0,0,1,1,1,0,0,1,0,0,0,0,1,,,5.0
1396,3,2.0,6.0,3,4,2,3,3,0,0,0,0,0,0,0,0,0,0,0,0,1,0,2.0,2,3.0
1397,2,3.0,6.0,3,3,,1,3,1,0,0,0,0,0,0,0,0,0,0,0,0,0,,,3.0
1398,2,3.0,5.0,3,3,2,3,3,1,1,0,1,1,1,0,0,1,0,1,0,0,0,2.0,2,5.0
1399,2,3.0,5.0,3,3,2,2,3,1,1,0,0,0,0,0,0,1,0,1,0,0,1,2.0,2,1.0
1400,3,3.0,4.0,3,3,2,3,3,0,0,0,0,0,0,0,0,0,0,1,0,0,0,4.0,2,5.0
1401,2,3.0,3.0,3,5,,2,3,0,0,0,1,0,0,0,0,1,0,0,0,0,1,,,4.0
1402,2,3.0,5.0,3,3,3,2,3,0,0,0,1,0,0,0,0,0,0,0,1,0,1,3.0,3,5.0
1403,3,3.0,7.0,3,3,3,2,3,1,1,0,1,0,1,0,0,0,0,0,0,0,1,4.0,3,5.0
1404,3,3.0,3.0,3,5,3,3,3,0,0,0,1,1,1,0,0,0,1,0,0,0,0,2.0,3,5.0
1405,3,3.0,6.0,3,5,3,2,2,1,1,1,1,1,0,0,0,0,0,0,0,0,1,2.0,3,3.0
1406,2,3.0,3.0,3,3,,2,3,1,0,0,1,0,0,0,0,0,0,0,0,0,1,,,4.0
1407,3,1.0,4.0,3,3,,1,3,0,1,0,1,0,0,0,0,0,0,0,0,0,0,,,4.0
1408,3,3.0,4.0,3,3,,3,2,0,0,0,0,0,0,0,0,0,0,0,1,0,0,,,4.0
1409,2,3.0,3.0,3,5,3,3,3,1,0,0,0,0,0,0,0,0,0,0,0,1,0,2.0,3,3.0
1410,3,3.0,1.0,3,3,,,,0,0,0,0,0,0,0,0,0,0,0,0,0,0,,,4.0
1411,3,3.0,1.0,3,6,3,3,3,1,1,0,1,1,0,0,0,0,0,0,0,0,0,3.0,3,3.0
1412,2,3.0,3.0,3,3,2,1,3,0,0,0,1,0,0,0,0,1,0,0,0,0,0,2.0,3,4.0
1413,3,2.0,1.0,3,3,,,,0,0,0,0,0,0,0,0,0,0,0,0,0,0,,,3.0
1414,2,3.0,6.0,3,5,3,3,3,0,1,1,1,0,0,0,0,0,0,0,0,0,0,2.0,3,3.0
1415,2,3.0,5.0,3,3,,,,0,0,0,0,0,0,0,0,0,0,0,0,0,0,,,5.0
1416,3,3.0,7.0,3,5,2,3,3,1,0,0,0,0,0,0,0,0,0,0,0,1,0,3.0,2,5.0
1417,3,1.0,1.0,3,3,3,3,3,0,1,0,1,0,0,0,0,1,0,0,0,0,0,2.0,3,4.0
1418,2,3.0,5.0,3,3,2,3,3,1,0,0,1,0,0,0,0,0,0,0,0,0,0,3.0,3,5.0
1419,3,3.0,7.0,3,3,,3,3,1,1,0,1,0,0,0,0,0,0,0,0,0,0,,,5.0
1420,3,3.0,6.0,2,5,3,2,2,1,1,0,1,1,1,1,1,1,0,0,0,0,1,2.0,3,5.0
1421,2,2.0,4.0,3,5,2,2,3,1,0,0,1,1,0,0,0,0,0,0,0,0,1,2.0,3,4.0
1422,2,5.0,5.0,3,3,,2,3,1,0,0,1,0,0,0,0,0,0,0,0,0,1,,,4.0
1423,3,3.0,3.0,3,5,3,2,3,1,1,0,1,0,0,0,0,1,0,1,0,0,1,2.0,3,3.0
1424,3,2.0,1.0,3,5,2,2,2,1,1,1,1,1,1,1,0,1,1,1,0,0,1,2.0,3,4.0
1425,3,2.0,2.0,3,3,,2,3,1,1,0,0,0,0,0,0,0,0,0,0,0,1,,,1.0
1426,2,3.0,5.0,3,3,2,2,3,1,0,0,1,1,0,0,0,1,1,0,0,0,1,4.0,3,2.0
1427,2,2.0,1.0,3,2,,3,3,1,0,0,0,0,0,0,0,1,0,0,0,0,0,,,4.0
1428,2,2.0,1.0,3,6,,2,2,1,0,0,0,0,0,0,0,0,0,0,0,0,1,,,4.0
1429,2,5.0,5.0,3,3,2,3,3,1,0,0,0,0,0,0,0,0,0,0,0,0,0,2.0,3,3.0
1430,3,3.0,1.0,2,3,3,2,3,0,1,0,1,0,1,0,0,1,0,1,0,0,1,3.0,3,2.0
1431,2,3.0,1.0,3,5,2,3,2,1,1,1,1,1,0,0,0,0,0,0,0,0,0,4.0,3,4.0
1432,2,3.0,6.0,3,6,2,3,3,1,1,0,1,0,0,0,0,1,0,1,0,0,0,2.0,3,4.0
1433,2,2.0,5.0,3,5,2,3,2,1,1,0,1,0,0,0,0,1,0,1,0,0,0,2.0,2,4.0
1434,2,3.0,3.0,3,3,2,2,3,1,1,0,1,1,0,0,0,0,0,0,0,0,1,2.0,3,4.0
1435,2,3.0,6.0,3,4,,,,0,0,0,0,0,0,0,0,0,0,0,0,0,0,,,4.0
1436,2,3.0,1.0,3,3,,3,3,0,1,0,1,1,1,0,0,0,1,1,0,0,0,,,4.0
1437,2,3.0,5.0,3,3,2,3,3,1,0,0,1,0,0,0,0,0,0,0,0,0,0,2.0,3,6.0
1438,2,3.0,6.0,2,3,,3,3,0,0,0,0,0,0,0,0,0,0,0,1,0,0,,,2.0
1439,3,2.0,1.0,1,6,3,2,3,1,1,1,1,0,0,0,0,0,0,0,0,0,1,2.0,3,5.0
1440,3,3.0,1.0,3,5,,3,3,0,0,0,1,0,0,0,0,0,0,1,0,0,0,,,
1441,3,3.0,6.0,2,3,3,3,3,1,1,0,1,1,0,0,0,0,0,0,0,0,0,2.0,3,4.0
1442,2,2.0,6.0,3,5,3,2,3,0,1,0,1,0,0,0,0,0,0,1,0,0,1,3.0,3,4.0
1443,3,3.0,3.0,3,3,3,3,2,0,1,0,0,0,0,0,0,0,0,0,0,0,0,4.0,3,5.0
1444,3,3.0,1.0,3,6,2,3,3,1,0,0,0,0,0,0,0,0,0,0,0,0,0,2.0,3,5.0
1445,3,7.0,3.0,3,3,,3,3,0,0,0,0,0,0,0,0,0,0,0,1,0,0,,,7.0
1446,3,3.0,7.0,3,3,3,3,3,0,0,1,1,1,0,0,0,0,0,0,0,0,0,2.0,3,7.0
1447,2,3.0,6.0,3,3,3,3,2,0,1,1,1,1,1,0,0,0,0,0,0,0,0,2.0,3,8.0
1448,3,4.0,3.0,3,5,2,3,2,1,1,0,0,0,0,0,0,0,0,0,0,1,0,3.0,3,4.0
1449,3,3.0,4.0,3,5,,,,0,0,0,0,0,0,0,0,0,0,0,0,0,0,,,5.0
1450,3,3.0,7.0,3,5,2,3,3,1,1,0,1,0,0,0,0,0,0,0,0,0,0,2.0,3,6.0
1451,2,3.0,6.0,3,6,,,,0,0,0,0,0,0,0,0,0,0,0,0,0,0,,,5.0
